from_school,to_school,distance_km
남대전고등학교,대덕고등학교,9.4893
남대전고등학교,대전가오고등학교,2.3884
남대전고등학교,대전관저고등학교,8.0693
남대전고등학교,대전괴정고등학교,5.4886
남대전고등학교,대전구봉고등학교,8.8385
남대전고등학교,대전도안고등학교,8.6142
남대전고등학교,대전동산고등학교,2.1738
남대전고등학교,대전둔산여자고등학교,6.7757
남대전고등학교,대전둔원고등학교,6.0419
남대전고등학교,대전만년고등학교,7.976
남대전고등학교,대전반석고등학교,13.286
남대전고등학교,대전복수고등학교,4.9213
남대전고등학교,대전성모여자고등학교,1.5573
남대전고등학교,대전예술고등학교,9.3546
남대전고등학교,대전용산고등학교,12.5889
남대전고등학교,대전이문고등학교,15.1902
남대전고등학교,대전전민고등학교,10.091
남대전고등학교,대전제일고등학교,4.9775
남대전고등학교,대전중앙고등학교,3.2912
남대전고등학교,대전지족고등학교,12.5257
남대전고등학교,대전한빛고등학교,5.8813
남대전고등학교,동대전고등학교,5.0775
남대전고등학교,동방고등학교,7.4011
남대전고등학교,명석고등학교,5.2596
남대전고등학교,보문고등학교,2.9352
남대전고등학교,서대전고등학교,7.5792
남대전고등학교,서대전여자고등학교,5.5513
남대전고등학교,서일고등학교,9.535
남대전고등학교,서일여자고등학교,9.5215
남대전고등학교,신탄진고등학교,15.4686
남대전고등학교,우송고등학교,3.0768
남대전고등학교,유성고등학교,9.3686
남대전고등학교,유성여자고등학교,12.0774
남대전고등학교,중일고등학교,12.6993
남대전고등학교,청란여자고등학교,0.1531
남대전고등학교,충남여자고등학교,2.58
남대전고등학교,한밭고등학교,6.9339
남대전고등학교,호수돈여자고등학교,2.1401
대덕고등학교,남대전고등학교,9.4893
대덕고등학교,대전가오고등학교,10.7536
대덕고등학교,대전관저고등학교,9.3988
대덕고등학교,대전괴정고등학교,5.2513
대덕고등학교,대전구봉고등학교,11.1917
대덕고등학교,대전도안고등학교,6.8922
대덕고등학교,대전동산고등학교,8.2038
대덕고등학교,대전둔산여자고등학교,3.9202
대덕고등학교,대전둔원고등학교,5.0303
대덕고등학교,대전만년고등학교,2.388
대덕고등학교,대전반석고등학교,6.1018
대덕고등학교,대전복수고등학교,9.3465
대덕고등학교,대전성모여자고등학교,7.9476
대덕고등학교,대전예술고등학교,6.2424
대덕고등학교,대전용산고등학교,3.9296
대덕고등학교,대전이문고등학교,7.623
대덕고등학교,대전전민고등학교,1.9113
대덕고등학교,대전제일고등학교,8.2993
대덕고등학교,대전중앙고등학교,6.2174
대덕고등학교,대전지족고등학교,6.0053
대덕고등학교,대전한빛고등학교,11.8468
대덕고등학교,동대전고등학교,5.1201
대덕고등학교,동방고등학교,10.2064
대덕고등학교,명석고등학교,7.5497
대덕고등학교,보문고등학교,6.7894
대덕고등학교,서대전고등학교,3.2403
대덕고등학교,서대전여자고등학교,6.7416
대덕고등학교,서일고등학교,11.6987
대덕고등학교,서일여자고등학교,11.6055
대덕고등학교,신탄진고등학교,8.4446
대덕고등학교,우송고등학교,7.9598
대덕고등학교,유성고등학교,5.9859
대덕고등학교,유성여자고등학교,4.7344
대덕고등학교,중일고등학교,3.7174
대덕고등학교,청란여자고등학교,9.558
대덕고등학교,충남여자고등학교,6.9551
대덕고등학교,한밭고등학교,4.8226
대덕고등학교,호수돈여자고등학교,7.3769
대전가오고등학교,남대전고등학교,2.3884
대전가오고등학교,대덕고등학교,10.7536
대전가오고등학교,대전관저고등학교,10.4577
대전가오고등학교,대전괴정고등학교,7.5396
대전가오고등학교,대전구봉고등학교,11.191
대전가오고등학교,대전도안고등학교,10.8944
대전가오고등학교,대전동산고등학교,4.5194
대전가오고등학교,대전둔산여자고등학교,8.6622
대전가오고등학교,대전둔원고등학교,8.0973
대전가오고등학교,대전만년고등학교,9.638
대전가오고등학교,대전반석고등학교,15.2071
대전가오고등학교,대전복수고등학교,7.2886
대전가오고등학교,대전성모여자고등학교,3.4971
대전가오고등학교,대전예술고등학교,11.5592
대전가오고등학교,대전용산고등학교,13.3438
대전가오고등학교,대전이문고등학교,15.4463
대전가오고등학교,대전전민고등학교,10.9693
대전가오고등학교,대전제일고등학교,7.3637
대전가오고등학교,대전중앙고등학교,4.7086
대전가오고등학교,대전지족고등학교,14.5157
대전가오고등학교,대전한빛고등학교,7.9721
대전가오고등학교,동대전고등학교,5.7765
대전가오고등학교,동방고등학교,9.7662
대전가오고등학교,명석고등학교,4.7066
대전가오고등학교,보문고등학교,3.9945
대전가오고등학교,서대전고등학교,9.3914
대전가오고등학교,서대전여자고등학교,7.8416
대전가오고등학교,서일고등학교,11.8822
대전가오고등학교,서일여자고등학교,11.8731
대전가오고등학교,신탄진고등학교,15.55
대전가오고등학교,우송고등학교,2.9653
대전가오고등학교,유성고등학교,11.5482
대전가오고등학교,유성여자고등학교,13.9288
대전가오고등학교,중일고등학교,13.5621
대전가오고등학교,청란여자고등학교,2.2354
대전가오고등학교,충남여자고등학교,4.4131
대전가오고등학교,한밭고등학교,8.9996
대전가오고등학교,호수돈여자고등학교,4.0031
대전관저고등학교,남대전고등학교,8.0693
대전관저고등학교,대덕고등학교,9.3988
대전관저고등학교,대전가오고등학교,10.4577
대전관저고등학교,대전괴정고등학교,4.937
대전관저고등학교,대전구봉고등학교,1.7988
대전관저고등학교,대전도안고등학교,2.9041
대전관저고등학교,대전동산고등학교,6.008
대전관저고등학교,대전둔산여자고등학교,5.6664
대전관저고등학교,대전둔원고등학교,4.7817
대전관저고등학교,대전만년고등학교,7.0268
대전관저고등학교,대전반석고등학교,8.7372
대전관저고등학교,대전복수고등학교,3.3039
대전관저고등학교,대전성모여자고등학교,7.331
대전관저고등학교,대전예술고등학교,4.037
대전관저고등학교,대전용산고등학교,13.3138
대전관저고등학교,대전이문고등학교,17.0081
대전관저고등학교,대전전민고등학교,11.1423
대전관저고등학교,대전제일고등학교,3.1123
대전관저고등학교,대전중앙고등학교,7.5529
대전관저고등학교,대전지족고등학교,7.7329
대전관저고등학교,대전한빛고등학교,4.5803
대전관저고등학교,동대전고등학교,9.2062
대전관저고등학교,동방고등학교,1.3903
대전관저고등학교,명석고등학교,11.4401
대전관저고등학교,보문고등학교,8.2662
대전관저고등학교,서대전고등학교,6.1778
대전관저고등학교,서대전여자고등학교,3.4143
대전관저고등학교,서일고등학교,2.3197
대전관저고등학교,서일여자고등학교,2.2344
대전관저고등학교,신탄진고등학교,17.7711
대전관저고등학교,우송고등학교,9.8107
대전관저고등학교,유성고등학교,4.2794
대전관저고등학교,유성여자고등학교,8.2423
대전관저고등학교,중일고등학교,13.0246
대전관저고등학교,청란여자고등학교,8.2224
대전관저고등학교,충남여자고등학교,6.9157
대전관저고등학교,한밭고등학교,4.6306
대전관저고등학교,호수돈여자고등학교,7.0978
대전괴정고등학교,남대전고등학교,5.4886
대전괴정고등학교,대덕고등학교,5.2513
대전괴정고등학교,대전가오고등학교,7.5396
대전괴정고등학교,대전관저고등학교,4.937
대전괴정고등학교,대전구봉고등학교,6.5741
대전괴정고등학교,대전도안고등학교,3.7394
대전괴정고등학교,대전동산고등학교,3.5456
대전괴정고등학교,대전둔산여자고등학교,1.4838
대전괴정고등학교,대전둔원고등학교,0.5583
대전괴정고등학교,대전만년고등학교,3.0331
대전괴정고등학교,대전반석고등학교,7.8078
대전괴정고등학교,대전복수고등학교,4.1004
대전괴정고등학교,대전성모여자고등학교,4.0582
대전괴정고등학교,대전예술고등학교,4.1207
대전괴정고등학교,대전용산고등학교,9.0921
대전괴정고등학교,대전이문고등학교,12.5411
대전괴정고등학교,대전전민고등학교,6.6741
대전괴정고등학교,대전제일고등학교,3.0676
대전괴정고등학교,대전중앙고등학교,3.2272
대전괴정고등학교,대전지족고등학교,7.0372
대전괴정고등학교,대전한빛고등학교,6.5965
대전괴정고등학교,동대전고등학교,4.3838
대전괴정고등학교,동방고등학교,5.3272
대전괴정고등학교,명석고등학교,6.8967
대전괴정고등학교,보문고등학교,4.0739
대전괴정고등학교,서대전고등학교,2.3481
대전괴정고등학교,서대전여자고등학교,1.6357
대전괴정고등학교,서일고등학교,7.2019
대전괴정고등학교,서일여자고등학교,7.1293
대전괴정고등학교,신탄진고등학교,13.1851
대전괴정고등학교,우송고등학교,5.7576
대전괴정고등학교,유성고등학교,4.0668
대전괴정고등학교,유성여자고등학교,6.6423
대전괴정고등학교,중일고등학교,8.9527
대전괴정고등학교,청란여자고등학교,5.6123
대전괴정고등학교,충남여자고등학교,3.1385
대전괴정고등학교,한밭고등학교,1.4604
대전괴정고등학교,호수돈여자고등학교,3.5368
대전구봉고등학교,남대전고등학교,8.8385
대전구봉고등학교,대덕고등학교,11.1917
대전구봉고등학교,대전가오고등학교,11.191
대전구봉고등학교,대전관저고등학교,1.7988
대전구봉고등학교,대전괴정고등학교,6.5741
대전구봉고등학교,대전도안고등학교,4.6323
대전구봉고등학교,대전동산고등학교,6.9702
대전구봉고등학교,대전둔산여자고등학교,7.4218
대전구봉고등학교,대전둔원고등학교,6.4832
대전구봉고등학교,대전만년고등학교,8.8149
대전구봉고등학교,대전반석고등학교,10.2769
대전구봉고등학교,대전복수고등학교,3.9234
대전구봉고등학교,대전성모여자고등학교,8.374
대전구봉고등학교,대전예술고등학교,5.7177
대전구봉고등학교,대전용산고등학교,15.11
대전구봉고등학교,대전이문고등학교,18.7944
대전구봉고등학교,대전전민고등학교,12.9202
대전구봉고등학교,대전제일고등학교,4.1982
대전구봉고등학교,대전중앙고등학교,8.8912
대전구봉고등학교,대전지족고등학교,9.2713
대전구봉고등학교,대전한빛고등학교,4.1167
대전구봉고등학교,동대전고등학교,10.6982
대전구봉고등학교,동방고등학교,1.4649
대전구봉고등학교,명석고등학교,12.7538
대전구봉고등학교,보문고등학교,9.5293
대전구봉고등학교,서대전고등학교,7.9641
대전구봉고등학교,서대전여자고등학교,4.9722
대전구봉고등학교,서일고등학교,0.7059
대전구봉고등학교,서일여자고등학교,0.6832
대전구봉고등학교,신탄진고등학교,19.5454
대전구봉고등학교,우송고등학교,10.9663
대전구봉고등학교,유성고등학교,5.9743
대전구봉고등학교,유성여자고등학교,9.8997
대전구봉고등학교,중일고등학교,14.8233
대전구봉고등학교,청란여자고등학교,8.9885
대전구봉고등학교,충남여자고등학교,8.1355
대전구봉고등학교,한밭고등학교,6.4042
대전구봉고등학교,호수돈여자고등학교,8.2429
대전도안고등학교,남대전고등학교,8.6142
대전도안고등학교,대덕고등학교,6.8922
대전도안고등학교,대전가오고등학교,10.8944
대전도안고등학교,대전관저고등학교,2.9041
대전도안고등학교,대전괴정고등학교,3.7394
대전도안고등학교,대전구봉고등학교,4.6323
대전도안고등학교,대전동산고등학교,6.4469
대전도안고등학교,대전둔산여자고등학교,3.6825
대전도안고등학교,대전둔원고등학교,3.2967
대전도안고등학교,대전만년고등학교,4.6469
대전도안고등학교,대전반석고등학교,5.9537
대전도안고등학교,대전복수고등학교,4.9137
대전도안고등학교,대전성모여자고등학교,7.43
대전도안고등학교,대전예술고등학교,1.1652
대전도안고등학교,대전용산고등학교,10.7205
대전도안고등학교,대전이문고등학교,14.4964
대전도안고등학교,대전전민고등학교,8.7453
대전도안고등학교,대전제일고등학교,4.092
대전도안고등학교,대전중앙고등학교,6.9411
대전도안고등학교,대전지족고등학교,4.9658
대전도안고등학교,대전한빛고등학교,6.9824
대전도안고등학교,동대전고등학교,8.0255
대전도안고등학교,동방고등학교,4.1459
대전도안고등학교,명석고등학교,10.6236
대전도안고등학교,보문고등학교,7.7755
대전도안고등학교,서대전고등학교,3.8689
대전도안고등학교,서대전여자고등학교,3.063
대전도안고등학교,서일고등학교,5.0003
대전도안고등학교,서일여자고등학교,4.8975
대전도안고등학교,신탄진고등학교,15.3368
대전도안고등학교,우송고등학교,9.4537
대전도안고등학교,유성고등학교,1.386
대전도안고등학교,유성여자고등학교,5.3534
대전도안고등학교,중일고등학교,10.3718
대전도안고등학교,청란여자고등학교,8.7588
대전도안고등학교,충남여자고등학교,6.6737
대전도안고등학교,한밭고등학교,2.6488
대전도안고등학교,호수돈여자고등학교,7.0049
대전동산고등학교,남대전고등학교,2.1738
대전동산고등학교,대덕고등학교,8.2038
대전동산고등학교,대전가오고등학교,4.5194
대전동산고등학교,대전관저고등학교,6.008
대전동산고등학교,대전괴정고등학교,3.5456
대전동산고등학교,대전구봉고등학교,6.9702
대전동산고등학교,대전도안고등학교,6.4469
대전동산고등학교,대전둔산여자고등학교,4.9607
대전동산고등학교,대전둔원고등학교,4.0727
대전동산고등학교,대전만년고등학교,6.3491
대전동산고등학교,대전반석고등학교,11.329
대전동산고등학교,대전복수고등학교,3.0909
대전동산고등학교,대전성모여자고등학교,1.424
대전동산고등학교,대전예술고등학교,7.2201
대전동산고등학교,대전용산고등학교,11.6885
대전동산고등학교,대전이문고등학교,14.6868
대전동산고등학교,대전전민고등학교,9.1589
대전동산고등학교,대전제일고등학교,2.8959
대전동산고등학교,대전중앙고등학교,2.6461
대전동산고등학교,대전지족고등학교,10.5213
대전동산고등학교,대전한빛고등학교,4.7775
대전동산고등학교,동대전고등학교,4.7847
대전동산고등학교,동방고등학교,5.5065
대전동산고등학교,명석고등학교,6.0556
대전동산고등학교,보문고등학교,2.9109
대전동산고등학교,서대전고등학교,5.8118
대전동산고등학교,서대전여자고등학교,3.3861
대전동산고등학교,서일고등학교,7.6759
대전동산고등학교,서일여자고등학교,7.6485
대전동산고등학교,신탄진고등학교,15.119
대전동산고등학교,우송고등학교,4.0638
대전동산고등학교,유성고등학교,7.2489
대전동산고등학교,유성여자고등학교,10.1866
대전동산고등학교,중일고등학교,11.6953
대전동산고등학교,청란여자고등학교,2.3216
대전동산고등학교,충남여자고등학교,1.6331
대전동산고등학교,한밭고등학교,4.9305
대전동산고등학교,호수돈여자고등학교,1.48
대전둔산여자고등학교,남대전고등학교,6.7757
대전둔산여자고등학교,대덕고등학교,3.9202
대전둔산여자고등학교,대전가오고등학교,8.6622
대전둔산여자고등학교,대전관저고등학교,5.6664
대전둔산여자고등학교,대전괴정고등학교,1.4838
대전둔산여자고등학교,대전구봉고등학교,7.4218
대전둔산여자고등학교,대전도안고등학교,3.6825
대전둔산여자고등학교,대전동산고등학교,4.9607
대전둔산여자고등학교,대전둔원고등학교,1.1277
대전둔산여자고등학교,대전만년고등학교,1.59
대전둔산여자고등학교,대전반석고등학교,6.548
대전둔산여자고등학교,대전복수고등학교,5.471
대전둔산여자고등학교,대전성모여자고등학교,5.2692
대전둔산여자고등학교,대전예술고등학교,3.62
대전둔산여자고등학교,대전용산고등학교,7.8315
대전둔산여자고등학교,대전이문고등학교,11.4115
대전둔산여자고등학교,대전전민고등학교,5.5203
대전둔산여자고등학교,대전제일고등학교,4.4106
대전둔산여자고등학교,대전중앙고등학교,4.0542
대전둔산여자고등학교,대전지족고등학교,5.8642
대전둔산여자고등학교,대전한빛고등학교,7.9759
대전둔산여자고등학교,동대전고등학교,4.5248
대전둔산여자고등학교,동방고등학교,6.3343
대전둔산여자고등학교,명석고등학교,7.2506
대전둔산여자고등학교,보문고등학교,4.8887
대전둔산여자고등학교,서대전고등학교,0.8653
대전둔산여자고등학교,서대전여자고등학교,2.8259
대전둔산여자고등학교,서일고등학교,7.9857
대전둔산여자고등학교,서일여자고등학교,7.9007
대전둔산여자고등학교,신탄진고등학교,12.1307
대전둔산여자고등학교,우송고등학교,6.5222
대전둔산여자고등학교,유성고등학교,3.4739
대전둔산여자고등학교,유성여자고등학교,5.3041
대전둔산여자고등학교,중일고등학교,7.6371
대전둔산여자고등학교,청란여자고등학교,6.8877
대전둔산여자고등학교,충남여자고등학교,4.2728
대전둔산여자고등학교,한밭고등학교,1.0732
대전둔산여자고등학교,호수돈여자고등학교,4.7056
대전둔원고등학교,남대전고등학교,6.0419
대전둔원고등학교,대덕고등학교,5.0303
대전둔원고등학교,대전가오고등학교,8.0973
대전둔원고등학교,대전관저고등학교,4.7817
대전둔원고등학교,대전괴정고등학교,0.5583
대전둔원고등학교,대전구봉고등학교,6.4832
대전둔원고등학교,대전도안고등학교,3.2967
대전둔원고등학교,대전동산고등학교,4.0727
대전둔원고등학교,대전둔산여자고등학교,1.1277
대전둔원고등학교,대전만년고등학교,2.7177
대전둔원고등학교,대전반석고등학교,7.2639
대전둔원고등학교,대전복수고등학교,4.3433
대전둔원고등학교,대전성모여자고등학교,4.6165
대전둔원고등학교,대전예술고등학교,3.5964
대전둔원고등학교,대전용산고등학교,8.9235
대전둔원고등학교,대전이문고등학교,12.4528
대전둔원고등학교,대전전민고등학교,6.5636
대전둔원고등학교,대전제일고등학교,3.2834
대전둔원고등학교,대전중앙고등학교,3.7406
대전둔원고등학교,대전지족고등학교,6.4842
대전둔원고등학교,대전한빛고등학교,6.8482
대전둔원고등학교,동대전고등학교,4.743
대전둔원고등학교,동방고등학교,5.3142
대전둔원고등학교,명석고등학교,7.3293
대전둔원고등학교,보문고등학교,4.591
대전둔원고등학교,서대전고등학교,1.9551
대전둔원고등학교,서대전여자고등학교,1.7131
대전둔원고등학교,서일고등학교,7.0831
대전둔원고등학교,서일여자고등학교,7.0045
대전둔원고등학교,신탄진고등학교,13.1372
대전둔원고등학교,우송고등학교,6.273
대전둔원고등학교,유성고등학교,3.5304
대전둔원고등학교,유성여자고등학교,6.1164
대전둔원고등학교,중일고등학교,8.7472
대전둔원고등학교,청란여자고등학교,6.1668
대전둔원고등학교,충남여자고등학교,3.6935
대전둔원고등학교,한밭고등학교,0.9024
대전둔원고등학교,호수돈여자고등학교,4.0943
대전만년고등학교,남대전고등학교,7.976
대전만년고등학교,대덕고등학교,2.388
대전만년고등학교,대전가오고등학교,9.638
대전만년고등학교,대전관저고등학교,7.0268
대전만년고등학교,대전괴정고등학교,3.0331
대전만년고등학교,대전구봉고등학교,8.8149
대전만년고등학교,대전도안고등학교,4.6469
대전만년고등학교,대전동산고등학교,6.3491
대전만년고등학교,대전둔산여자고등학교,1.59
대전만년고등학교,대전둔원고등학교,2.7177
대전만년고등학교,대전반석고등학교,5.7549
대전만년고등학교,대전복수고등학교,7.0609
대전만년고등학교,대전성모여자고등학교,6.4254
대전만년고등학교,대전예술고등학교,4.1919
대전만년고등학교,대전용산고등학교,6.3175
대전만년고등학교,대전이문고등학교,9.9814
대전만년고등학교,대전전민고등학교,4.1327
대전만년고등학교,대전제일고등학교,5.9998
대전만년고등학교,대전중앙고등학교,4.9295
대전만년고등학교,대전지족고등학교,5.271
대전만년고등학교,대전한빛고등학교,9.5656
대전만년고등학교,동대전고등학교,4.697
대전만년고등학교,동방고등학교,7.8188
대전만년고등학교,명석고등학교,7.4473
대전만년고등학교,보문고등학교,5.6847
대전만년고등학교,서대전고등학교,0.8529
대전만년고등학교,서대전여자고등학교,4.4066
대전만년고등학교,서일고등학교,9.3355
대전만년고등학교,서일여자고등학교,9.2442
대전만년고등학교,신탄진고등학교,10.7596
대전만년고등학교,우송고등학교,7.1775
대전만년고등학교,유성고등학교,3.9676
대전만년고등학교,유성여자고등학교,4.3902
대전만년고등학교,중일고등학교,6.0862
대전만년고등학교,청란여자고등학교,8.072
대전만년고등학교,충남여자고등학교,5.4011
대전만년고등학교,한밭고등학교,2.4347
대전만년고등학교,호수돈여자고등학교,5.8432
대전반석고등학교,남대전고등학교,13.286
대전반석고등학교,대덕고등학교,6.1018
대전반석고등학교,대전가오고등학교,15.2071
대전반석고등학교,대전관저고등학교,8.7372
대전반석고등학교,대전괴정고등학교,7.8078
대전반석고등학교,대전구봉고등학교,10.2769
대전반석고등학교,대전도안고등학교,5.9537
대전반석고등학교,대전동산고등학교,11.329
대전반석고등학교,대전둔산여자고등학교,6.548
대전반석고등학교,대전둔원고등학교,7.2639
대전반석고등학교,대전만년고등학교,5.7549
대전반석고등학교,대전복수고등학교,10.6966
대전반석고등학교,대전성모여자고등학교,11.8067
대전반석고등학교,대전예술고등학교,4.7923
대전반석고등학교,대전용산고등학교,8.2901
대전반석고등학교,대전이문고등학교,11.9121
대전반석고등학교,대전전민고등학교,7.6965
대전반석고등학교,대전제일고등학교,9.7339
대전반석고등학교,대전중앙고등학교,10.5499
대전반석고등학교,대전지족고등학교,1.0064
대전반석고등학교,대전한빛고등학교,12.9149
대전반석고등학교,동대전고등학교,10.431
대전반석고등학교,동방고등학교,10.0636
대전반석고등학교,명석고등학교,13.1523
대전반석고등학교,보문고등학교,11.3544
대전반석고등학교,서대전고등학교,5.8298
대전반석고등학교,서대전여자고등학교,8.2754
대전반석고등학교,서일고등학교,10.4464
대전반석고등학교,서일여자고등학교,10.3378
대전반석고등학교,신탄진고등학교,12.9903
대전반석고등학교,우송고등학교,12.9086
대전반석고등학교,유성고등학교,4.6038
대전반석고등학교,유성여자고등학교,1.4028
대전반석고등학교,중일고등학교,7.6958
대전반석고등학교,청란여자고등학교,13.4049
대전반석고등학교,충남여자고등학교,10.8193
대전반석고등학교,한밭고등학교,6.3994
대전반석고등학교,호수돈여자고등학교,11.2495
대전복수고등학교,남대전고등학교,4.9213
대전복수고등학교,대덕고등학교,9.3465
대전복수고등학교,대전가오고등학교,7.2886
대전복수고등학교,대전관저고등학교,3.3039
대전복수고등학교,대전괴정고등학교,4.1004
대전복수고등학교,대전구봉고등학교,3.9234
대전복수고등학교,대전도안고등학교,4.9137
대전복수고등학교,대전동산고등학교,3.0909
대전복수고등학교,대전둔산여자고등학교,5.471
대전복수고등학교,대전둔원고등학교,4.3433
대전복수고등학교,대전만년고등학교,7.0609
대전복수고등학교,대전반석고등학교,10.6966
대전복수고등학교,대전성모여자고등학교,4.5132
대전복수고등학교,대전예술고등학교,5.9928
대전복수고등학교,대전용산고등학교,13.1884
대전복수고등학교,대전이문고등학교,16.5742
대전복수고등학교,대전전민고등학교,10.7462
대전복수고등학교,대전제일고등학교,1.0668
대전복수고등학교,대전중앙고등학교,5.336
대전복수고등학교,대전지족고등학교,9.7522
대전복수고등학교,대전한빛고등학교,2.505
대전복수고등학교,동대전고등학교,7.3625
대전복수고등학교,동방고등학교,2.4798
대전복수고등학교,명석고등학교,9.0643
대전복수고등학교,보문고등학교,5.8426
대전복수고등학교,서대전고등학교,6.2778
대전복수고등학교,서대전여자고등학교,2.6892
대전복수고등학교,서일고등학교,4.6245
대전복수고등학교,서일여자고등학교,4.6064
대전복수고등학교,신탄진고등학교,17.1609
대전복수고등학교,우송고등학교,7.1454
대전복수고등학교,유성고등학교,6.1339
대전복수고등학교,유성여자고등학교,9.8366
대전복수고등학교,중일고등학교,13.0527
대전복수고등학교,청란여자고등학교,5.0723
대전복수고등학교,충남여자고등학교,4.4444
대전복수고등학교,한밭고등학교,4.8216
대전복수고등학교,호수돈여자고등학교,4.4652
대전성모여자고등학교,남대전고등학교,1.5573
대전성모여자고등학교,대덕고등학교,7.9476
대전성모여자고등학교,대전가오고등학교,3.4971
대전성모여자고등학교,대전관저고등학교,7.331
대전성모여자고등학교,대전괴정고등학교,4.0582
대전성모여자고등학교,대전구봉고등학교,8.374
대전성모여자고등학교,대전도안고등학교,7.43
대전성모여자고등학교,대전동산고등학교,1.424
대전성모여자고등학교,대전둔산여자고등학교,5.2692
대전성모여자고등학교,대전둔원고등학교,4.6165
대전성모여자고등학교,대전만년고등학교,6.4254
대전성모여자고등학교,대전반석고등학교,11.8067
대전성모여자고등학교,대전복수고등학교,4.5132
대전성모여자고등학교,대전예술고등학교,8.064
대전성모여자고등학교,대전용산고등학교,11.1394
대전성모여자고등학교,대전이문고등학교,13.8902
대전성모여자고등학교,대전전민고등학교,8.6239
대전성모여자고등학교,대전제일고등학교,4.2397
대전성모여자고등학교,대전중앙고등학교,1.8021
대전성모여자고등학교,대전지족고등학교,11.0758
대전성모여자고등학교,대전한빛고등학교,6.1016
대전성모여자고등학교,동대전고등학교,3.7913
대전성모여자고등학교,동방고등학교,6.9091
대전성모여자고등학교,명석고등학교,4.6785
대전성모여자고등학교,보문고등학교,1.6961
대전성모여자고등학교,서대전고등학교,6.0536
대전성모여자고등학교,서대전여자고등학교,4.4057
대전성모여자고등학교,서일고등학교,9.0799
대전성모여자고등학교,서일여자고등학교,9.0494
대전성모여자고등학교,신탄진고등학교,14.2367
대전성모여자고등학교,우송고등학교,2.642
대전성모여자고등학교,유성고등학교,8.0511
대전성모여자고등학교,유성여자고등학교,10.5724
대전성모여자고등학교,중일고등학교,11.2213
대전성모여자고등학교,청란여자고등학교,1.6471
대전성모여자고등학교,충남여자고등학교,1.0246
대전성모여자고등학교,한밭고등학교,5.5181
대전성모여자고등학교,호수돈여자고등학교,0.5832
대전예술고등학교,남대전고등학교,9.3546
대전예술고등학교,대덕고등학교,6.2424
대전예술고등학교,대전가오고등학교,11.5592
대전예술고등학교,대전관저고등학교,4.037
대전예술고등학교,대전괴정고등학교,4.1207
대전예술고등학교,대전구봉고등학교,5.7177
대전예술고등학교,대전도안고등학교,1.1652
대전예술고등학교,대전동산고등학교,7.2201
대전예술고등학교,대전둔산여자고등학교,3.62
대전예술고등학교,대전둔원고등학교,3.5964
대전예술고등학교,대전만년고등학교,4.1919
대전예술고등학교,대전반석고등학교,4.7923
대전예술고등학교,대전복수고등학교,5.9928
대전예술고등학교,대전성모여자고등학교,8.064
대전예술고등학교,대전용산고등학교,9.9476
대전예술고등학교,대전이문고등학교,13.7586
대전예술고등학교,대전전민고등학교,8.141
대전예술고등학교,대전제일고등학교,5.106
대전예술고등학교,대전중앙고등학교,7.337
대전예술고등학교,대전지족고등학교,3.8095
대전예술고등학교,대전한빛고등학교,8.1301
대전예술고등학교,동대전고등학교,8.1339
대전예술고등학교,동방고등학교,5.3067
대전예술고등학교,명석고등학교,10.8292
대전예술고등학교,보문고등학교,8.1872
대전예술고등학교,서대전고등학교,3.5365
대전예술고등학교,서대전여자고등학교,3.868
대전예술고등학교,서일고등학교,6.0291
대전예술고등학교,서일여자고등학교,5.9233
대전예술고등학교,신탄진고등학교,14.6467
대전예술고등학교,우송고등학교,9.8694
대전예술고등학교,유성고등학교,0.2742
대전예술고등학교,유성여자고등학교,4.2054
대전예술고등학교,중일고등학교,9.5544
대전예술고등학교,청란여자고등학교,9.4934
대전예술고등학교,충남여자고등학교,7.2203
대전예술고등학교,한밭고등학교,2.7624
대전예술고등학교,호수돈여자고등학교,7.5899
대전용산고등학교,남대전고등학교,12.5889
대전용산고등학교,대덕고등학교,3.9296
대전용산고등학교,대전가오고등학교,13.3438
대전용산고등학교,대전관저고등학교,13.3138
대전용산고등학교,대전괴정고등학교,9.0921
대전용산고등학교,대전구봉고등학교,15.11
대전용산고등학교,대전도안고등학교,10.7205
대전용산고등학교,대전동산고등학교,11.6885
대전용산고등학교,대전둔산여자고등학교,7.8315
대전용산고등학교,대전둔원고등학교,8.9235
대전용산고등학교,대전만년고등학교,6.3175
대전용산고등학교,대전반석고등학교,8.2901
대전용산고등학교,대전복수고등학교,13.1884
대전용산고등학교,대전성모여자고등학교,11.1394
대전용산고등학교,대전예술고등학교,9.9476
대전용산고등학교,대전이문고등학교,3.8262
대전용산고등학교,대전전민고등학교,2.5302
대전용산고등학교,대전제일고등학교,12.1591
대전용산고등학교,대전중앙고등학교,9.3374
대전용산고등학교,대전지족고등학교,8.6268
대전용산고등학교,대전한빛고등학교,15.6717
대전용산고등학교,동대전고등학교,7.6129
대전용산고등학교,동방고등학교,14.1357
대전용산고등학교,명석고등학교,9.1913
대전용산고등학교,보문고등학교,9.6793
대전용산고등학교,서대전고등학교,7.1697
대전용산고등학교,서대전여자고등학교,10.6361
대전용산고등학교,서일고등학교,15.603
대전용산고등학교,서일여자고등학교,15.5079
대전용산고등학교,신탄진고등학교,4.7976
대전용산고등학교,우송고등학교,10.3823
대전용산고등학교,유성고등학교,9.6783
대전용산고등학교,유성여자고등학교,7.2341
대전용산고등학교,중일고등학교,0.6473
대전용산고등학교,청란여자고등학교,12.6256
대전용산고등학교,충남여자고등학교,10.2408
대전용산고등학교,한밭고등학교,8.7522
대전용산고등학교,호수돈여자고등학교,10.6158
대전이문고등학교,남대전고등학교,15.1902
대전이문고등학교,대덕고등학교,7.623
대전이문고등학교,대전가오고등학교,15.4463
대전이문고등학교,대전관저고등학교,17.0081
대전이문고등학교,대전괴정고등학교,12.5411
대전이문고등학교,대전구봉고등학교,18.7944
대전이문고등학교,대전도안고등학교,14.4964
대전이문고등학교,대전동산고등학교,14.6868
대전이문고등학교,대전둔산여자고등학교,11.4115
대전이문고등학교,대전둔원고등학교,12.4528
대전이문고등학교,대전만년고등학교,9.9814
대전이문고등학교,대전반석고등학교,11.9121
대전이문고등학교,대전복수고등학교,16.5742
대전이문고등학교,대전성모여자고등학교,13.8902
대전이문고등학교,대전예술고등학교,13.7586
대전이문고등학교,대전용산고등학교,3.8262
대전이문고등학교,대전전민고등학교,5.8923
대전이문고등학교,대전제일고등학교,15.5868
대전이문고등학교,대전중앙고등학교,12.1329
대전이문고등학교,대전지족고등학교,12.3466
대전이문고등학교,대전한빛고등학교,19.0035
대전이문고등학교,동대전고등학교,10.1215
대전이문고등학교,동방고등학교,17.7456
대전이문고등학교,명석고등학교,10.8439
대전이문고등학교,보문고등학교,12.2689
대전이문고등학교,서대전고등학교,10.8308
대전이문고등학교,서대전여자고등학교,14.1452
대전이문고등학교,서일고등학교,19.3155
대전이문고등학교,서일여자고등학교,19.2234
대전이문고등학교,신탄진고등학교,1.1469
대전이문고등학교,우송고등학교,12.5391
대전이문고등학교,유성고등학교,13.491
대전이문고등학교,유성여자고등학교,10.9648
대전이문고등학교,중일고등학교,4.3074
대전이문고등학교,청란여자고등학교,15.196
대전이문고등학교,충남여자고등학교,13.1182
대전이문고등학교,한밭고등학교,12.3947
대전이문고등학교,호수돈여자고등학교,13.4337
대전전민고등학교,남대전고등학교,10.091
대전전민고등학교,대덕고등학교,1.9113
대전전민고등학교,대전가오고등학교,10.9693
대전전민고등학교,대전관저고등학교,11.1423
대전전민고등학교,대전괴정고등학교,6.6741
대전전민고등학교,대전구봉고등학교,12.9202
대전전민고등학교,대전도안고등학교,8.7453
대전전민고등학교,대전동산고등학교,9.1589
대전전민고등학교,대전둔산여자고등학교,5.5203
대전전민고등학교,대전둔원고등학교,6.5636
대전전민고등학교,대전만년고등학교,4.1327
대전전민고등학교,대전반석고등학교,7.6965
대전전민고등학교,대전복수고등학교,10.7462
대전전민고등학교,대전성모여자고등학교,8.6239
대전전민고등학교,대전예술고등학교,8.141
대전전민고등학교,대전용산고등학교,2.5302
대전전민고등학교,대전이문고등학교,5.8923
대전전민고등학교,대전제일고등학교,9.736
대전전민고등학교,대전중앙고등학교,6.8231
대전전민고등학교,대전지족고등학교,7.7374
대전전민고등학교,대전한빛고등학교,13.2109
대전전민고등학교,동대전고등학교,5.1958
대전전민고등학교,동방고등학교,11.8537
대전전민고등학교,명석고등학교,7.1054
대전전민고등학교,보문고등학교,7.2032
대전전민고등학교,서대전고등학교,4.9707
대전전민고등학교,서대전여자고등학교,8.2624
대전전민고등학교,서일고등학교,13.4574
대전전민고등학교,서일여자고등학교,13.3676
대전전민고등학교,신탄진고등학교,6.6299
대전전민고등학교,우송고등학교,8.0317
대전전민고등학교,유성고등학교,7.8874
대전전민고등학교,유성여자고등학교,6.3979
대전전민고등학교,중일고등학교,2.6136
대전전민고등학교,청란여자고등학교,10.1333
대전전민고등학교,충남여자고등학교,7.7146
대전전민고등학교,한밭고등학교,6.516
대전전민고등학교,호수돈여자고등학교,8.094
대전제일고등학교,남대전고등학교,4.9775
대전제일고등학교,대덕고등학교,8.2993
대전제일고등학교,대전가오고등학교,7.3637
대전제일고등학교,대전관저고등학교,3.1123
대전제일고등학교,대전괴정고등학교,3.0676
대전제일고등학교,대전구봉고등학교,4.1982
대전제일고등학교,대전도안고등학교,4.092
대전제일고등학교,대전동산고등학교,2.8959
대전제일고등학교,대전둔산여자고등학교,4.4106
대전제일고등학교,대전둔원고등학교,3.2834
대전제일고등학교,대전만년고등학교,5.9998
대전제일고등학교,대전반석고등학교,9.7339
대전제일고등학교,대전복수고등학교,1.0668
대전제일고등학교,대전성모여자고등학교,4.2397
대전제일고등학교,대전예술고등학교,5.106
대전제일고등학교,대전용산고등학교,12.1591
대전제일고등학교,대전이문고등학교,15.5868
대전제일고등학교,대전전민고등학교,9.736
대전제일고등학교,대전중앙고등학교,4.7163
대전제일고등학교,대전지족고등학교,8.8077
대전제일고등학교,대전한빛고등학교,3.5672
대전제일고등학교,동대전고등학교,6.6284
대전제일고등학교,동방고등학교,2.7493
대전제일고등학교,명석고등학교,8.5596
대전제일고등학교,보문고등학교,5.332
대전제일고등학교,서대전고등학교,5.2123
대전제일고등학교,서대전여자고등학교,1.6232
대전제일고등학교,서일고등학교,4.8993
대전제일고등학교,서일여자고등학교,4.8584
대전제일고등학교,신탄진고등학교,16.1994
대전제일고등학교,우송고등학교,6.785
대전제일고등학교,유성고등학교,5.2223
대전제일고등학교,유성여자고등학교,8.8285
대전제일고등학교,중일고등학교,12.0107
대전제일고등학교,청란여자고등학교,5.1304
대전제일고등학교,충남여자고등학교,3.9373
대전제일고등학교,한밭고등학교,3.758
대전제일고등학교,호수돈여자고등학교,4.0578
대전중앙고등학교,남대전고등학교,3.2912
대전중앙고등학교,대덕고등학교,6.2174
대전중앙고등학교,대전가오고등학교,4.7086
대전중앙고등학교,대전관저고등학교,7.5529
대전중앙고등학교,대전괴정고등학교,3.2272
대전중앙고등학교,대전구봉고등학교,8.8912
대전중앙고등학교,대전도안고등학교,6.9411
대전중앙고등학교,대전동산고등학교,2.6461
대전중앙고등학교,대전둔산여자고등학교,4.0542
대전중앙고등학교,대전둔원고등학교,3.7406
대전중앙고등학교,대전만년고등학교,4.9295
대전중앙고등학교,대전반석고등학교,10.5499
대전중앙고등학교,대전복수고등학교,5.336
대전중앙고등학교,대전성모여자고등학교,1.8021
대전중앙고등학교,대전예술고등학교,7.337
대전중앙고등학교,대전용산고등학교,9.3374
대전중앙고등학교,대전이문고등학교,12.1329
대전중앙고등학교,대전전민고등학교,6.8231
대전중앙고등학교,대전제일고등학교,4.7163
대전중앙고등학교,대전지족고등학교,9.9097
대전중앙고등학교,대전한빛고등학교,7.3626
대전중앙고등학교,동대전고등학교,2.1388
대전중앙고등학교,동방고등학교,7.4599
대전중앙고등학교,명석고등학교,3.8873
대전중앙고등학교,보문고등학교,0.8516
대전중앙고등학교,서대전고등학교,4.7201
대전중앙고등학교,서대전여자고등학교,4.2225
대전중앙고등학교,서일고등학교,9.5836
대전중앙고등학교,서일여자고등학교,9.5343
대전중앙고등학교,신탄진고등학교,12.5183
대전중앙고등학교,우송고등학교,2.5325
대전중앙고등학교,유성고등학교,7.2663
대전중앙고등학교,유성여자고등학교,9.2449
대전중앙고등학교,중일고등학교,9.4235
대전중앙고등학교,청란여자고등학교,3.3496
대전중앙고등학교,충남여자고등학교,1.0145
대전중앙고등학교,한밭고등학교,4.6017
대전중앙고등학교,호수돈여자고등학교,1.3019
대전지족고등학교,남대전고등학교,12.5257
대전지족고등학교,대덕고등학교,6.0053
대전지족고등학교,대전가오고등학교,14.5157
대전지족고등학교,대전관저고등학교,7.7329
대전지족고등학교,대전괴정고등학교,7.0372
대전지족고등학교,대전구봉고등학교,9.2713
대전지족고등학교,대전도안고등학교,4.9658
대전지족고등학교,대전동산고등학교,10.5213
대전지족고등학교,대전둔산여자고등학교,5.8642
대전지족고등학교,대전둔원고등학교,6.4842
대전지족고등학교,대전만년고등학교,5.271
대전지족고등학교,대전반석고등학교,1.0064
대전지족고등학교,대전복수고등학교,9.7522
대전지족고등학교,대전성모여자고등학교,11.0758
대전지족고등학교,대전예술고등학교,3.8095
대전지족고등학교,대전용산고등학교,8.6268
대전지족고등학교,대전이문고등학교,12.3466
대전지족고등학교,대전전민고등학교,7.7374
대전지족고등학교,대전제일고등학교,8.8077
대전지족고등학교,대전중앙고등학교,9.9097
대전지족고등학교,대전한빛고등학교,11.939
대전지족고등학교,동대전고등학교,9.9666
대전지족고등학교,동방고등학교,9.0633
대전지족고등학교,명석고등학교,12.7179
대전지족고등학교,보문고등학교,10.7326
대전지족고등학교,서대전고등학교,5.2156
대전지족고등학교,서대전여자고등학교,7.3875
대전지족고등학교,서일고등학교,9.4459
대전지족고등학교,서일여자고등학교,9.3374
대전지족고등학교,신탄진고등학교,13.3937
대전지족고등학교,우송고등학교,12.3274
대전지족고등학교,유성고등학교,3.6327
대전지족고등학교,유성여자고등학교,1.3938
대전지족고등학교,중일고등학교,8.066
대전지족고등학교,청란여자고등학교,12.6494
대전지족고등학교,충남여자고등학교,10.108
대전지족고등학교,한밭고등학교,5.5987
대전지족고등학교,호수돈여자고등학교,10.5305
대전한빛고등학교,남대전고등학교,5.8813
대전한빛고등학교,대덕고등학교,11.8468
대전한빛고등학교,대전가오고등학교,7.9721
대전한빛고등학교,대전관저고등학교,4.5803
대전한빛고등학교,대전괴정고등학교,6.5965
대전한빛고등학교,대전구봉고등학교,4.1167
대전한빛고등학교,대전도안고등학교,6.9824
대전한빛고등학교,대전동산고등학교,4.7775
대전한빛고등학교,대전둔산여자고등학교,7.9759
대전한빛고등학교,대전둔원고등학교,6.8482
대전한빛고등학교,대전만년고등학교,9.5656
대전한빛고등학교,대전반석고등학교,12.9149
대전한빛고등학교,대전복수고등학교,2.505
대전한빛고등학교,대전성모여자고등학교,6.1016
대전한빛고등학교,대전예술고등학교,8.1301
대전한빛고등학교,대전용산고등학교,15.6717
대전한빛고등학교,대전이문고등학교,19.0035
대전한빛고등학교,대전전민고등학교,13.2109
대전한빛고등학교,대전제일고등학교,3.5672
대전한빛고등학교,대전중앙고등학교,7.3626
대전한빛고등학교,대전지족고등학교,11.939
대전한빛고등학교,동대전고등학교,9.4831
대전한빛고등학교,동방고등학교,3.2266
대전한빛고등학교,명석고등학교,10.7782
대전한빛고등학교,보문고등학교,7.6878
대전한빛고등학교,서대전고등학교,8.7789
대전한빛고등학교,서대전여자고등학교,5.1809
대전한빛고등학교,서일고등학교,4.6542
대전한빛고등학교,서일여자고등학교,4.6943
대전한빛고등학교,신탄진고등학교,19.5527
대전한빛고등학교,우송고등학교,8.6803
대전한빛고등학교,유성고등학교,8.3111
대전한빛고등학교,유성여자고등학교,12.1611
대전한빛고등학교,중일고등학교,15.5481
대전한빛고등학교,청란여자고등학교,6.0083
대전한빛고등학교,충남여자고등학교,6.3751
대전한빛고등학교,한밭고등학교,7.3
대전한빛고등학교,호수돈여자고등학교,6.2572
동대전고등학교,남대전고등학교,5.0775
동대전고등학교,대덕고등학교,5.1201
동대전고등학교,대전가오고등학교,5.7765
동대전고등학교,대전관저고등학교,9.2062
동대전고등학교,대전괴정고등학교,4.3838
동대전고등학교,대전구봉고등학교,10.6982
동대전고등학교,대전도안고등학교,8.0255
동대전고등학교,대전동산고등학교,4.7847
동대전고등학교,대전둔산여자고등학교,4.5248
동대전고등학교,대전둔원고등학교,4.743
동대전고등학교,대전만년고등학교,4.697
동대전고등학교,대전반석고등학교,10.431
동대전고등학교,대전복수고등학교,7.3625
동대전고등학교,대전성모여자고등학교,3.7913
동대전고등학교,대전예술고등학교,8.1339
동대전고등학교,대전용산고등학교,7.6129
동대전고등학교,대전이문고등학교,10.1215
동대전고등학교,대전전민고등학교,5.1958
동대전고등학교,대전제일고등학교,6.6284
동대전고등학교,대전중앙고등학교,2.1388
동대전고등학교,대전지족고등학교,9.9666
동대전고등학교,대전한빛고등학교,9.4831
동대전고등학교,동방고등학교,9.3156
동대전고등학교,명석고등학교,2.7651
동대전고등학교,보문고등학교,2.1476
동대전고등학교,서대전고등학교,4.8672
동대전고등학교,서대전여자고등학교,5.7919
동대전고등학교,서일고등학교,11.3702
동대전고등학교,서일여자고등학교,11.3103
동대전고등학교,신탄진고등학교,10.446
동대전고등학교,우송고등학교,2.8698
동대전고등학교,유성고등학교,7.9973
동대전고등학교,유성여자고등학교,9.0456
동대전고등학교,중일고등학교,7.7979
동대전고등학교,청란여자고등학교,5.0922
동대전고등학교,충남여자고등학교,3.1518
동대전고등학교,한밭고등학교,5.4162
동대전고등학교,호수돈여자고등학교,3.3888
동방고등학교,남대전고등학교,7.4011
동방고등학교,대덕고등학교,10.2064
동방고등학교,대전가오고등학교,9.7662
동방고등학교,대전관저고등학교,1.3903
동방고등학교,대전괴정고등학교,5.3272
동방고등학교,대전구봉고등학교,1.4649
동방고등학교,대전도안고등학교,4.1459
동방고등학교,대전동산고등학교,5.5065
동방고등학교,대전둔산여자고등학교,6.3343
동방고등학교,대전둔원고등학교,5.3142
동방고등학교,대전만년고등학교,7.8188
동방고등학교,대전반석고등학교,10.0636
동방고등학교,대전복수고등학교,2.4798
동방고등학교,대전성모여자고등학교,6.9091
동방고등학교,대전예술고등학교,5.3067
동방고등학교,대전용산고등학교,14.1357
동방고등학교,대전이문고등학교,17.7456
동방고등학교,대전전민고등학교,11.8537
동방고등학교,대전제일고등학교,2.7493
동방고등학교,대전중앙고등학교,7.4599
동방고등학교,대전지족고등학교,9.0633
동방고등학교,대전한빛고등학교,3.2266
동방고등학교,동대전고등학교,9.3156
동방고등학교,명석고등학교,11.3088
동방고등학교,보문고등학교,8.0801
동방고등학교,서대전고등학교,6.9678
동방고등학교,서대전여자고등학교,3.694
동방고등학교,서일고등학교,2.1708
동방고등학교,서일여자고등학교,2.142
동방고등학교,신탄진고등학교,18.4491
동방고등학교,우송고등학교,9.5034
동방고등학교,유성고등학교,5.5315
동방고등학교,유성여자고등학교,9.496
동방고등학교,중일고등학교,13.8945
동방고등학교,청란여자고등학교,7.5521
동방고등학교,충남여자고등학교,6.6827
동방고등학교,한밭고등학교,5.3843
동방고등학교,호수돈여자고등학교,6.7817
명석고등학교,남대전고등학교,5.2596
명석고등학교,대덕고등학교,7.5497
명석고등학교,대전가오고등학교,4.7066
명석고등학교,대전관저고등학교,11.4401
명석고등학교,대전괴정고등학교,6.8967
명석고등학교,대전구봉고등학교,12.7538
명석고등학교,대전도안고등학교,10.6236
명석고등학교,대전동산고등학교,6.0556
명석고등학교,대전둔산여자고등학교,7.2506
명석고등학교,대전둔원고등학교,7.3293
명석고등학교,대전만년고등학교,7.4473
명석고등학교,대전반석고등학교,13.1523
명석고등학교,대전복수고등학교,9.0643
명석고등학교,대전성모여자고등학교,4.6785
명석고등학교,대전예술고등학교,10.8292
명석고등학교,대전용산고등학교,9.1913
명석고등학교,대전이문고등학교,10.8439
명석고등학교,대전전민고등학교,7.1054
명석고등학교,대전제일고등학교,8.5596
명석고등학교,대전중앙고등학교,3.8873
명석고등학교,대전지족고등학교,12.7179
명석고등학교,대전한빛고등학교,10.7782
명석고등학교,동대전고등학교,2.7651
명석고등학교,동방고등학교,11.3088
명석고등학교,보문고등학교,3.2322
명석고등학교,서대전고등학교,7.6305
명석고등학교,서대전여자고등학교,8.0885
명석고등학교,서일고등학교,13.4509
명석고등학교,서일여자고등학교,13.4049
명석고등학교,신탄진고등학교,10.8786
명석고등학교,우송고등학교,2.1835
명석고등학교,유성고등학교,10.7076
명석고등학교,유성여자고등학교,11.7581
명석고등학교,중일고등학교,9.5304
명석고등학교,청란여자고등학교,5.1936
명석고등학교,충남여자고등학교,4.635
명석고등학교,한밭고등학교,8.0789
명석고등학교,호수돈여자고등학교,4.6061
보문고등학교,남대전고등학교,2.9352
보문고등학교,대덕고등학교,6.7894
보문고등학교,대전가오고등학교,3.9945
보문고등학교,대전관저고등학교,8.2662
보문고등학교,대전괴정고등학교,4.0739
보문고등학교,대전구봉고등학교,9.5293
보문고등학교,대전도안고등학교,7.7755
보문고등학교,대전동산고등학교,2.9109
보문고등학교,대전둔산여자고등학교,4.8887
보문고등학교,대전둔원고등학교,4.591
보문고등학교,대전만년고등학교,5.6847
보문고등학교,대전반석고등학교,11.3544
보문고등학교,대전복수고등학교,5.8426
보문고등학교,대전성모여자고등학교,1.6961
보문고등학교,대전예술고등학교,8.1872
보문고등학교,대전용산고등학교,9.6793
보문고등학교,대전이문고등학교,12.2689
보문고등학교,대전전민고등학교,7.2032
보문고등학교,대전제일고등학교,5.332
보문고등학교,대전중앙고등학교,0.8516
보문고등학교,대전지족고등학교,10.7326
보문고등학교,대전한빛고등학교,7.6878
보문고등학교,동대전고등학교,2.1476
보문고등학교,동방고등학교,8.0801
보문고등학교,명석고등학교,3.2322
보문고등학교,서대전고등학교,5.5284
보문고등학교,서대전여자고등학교,4.9951
보문고등학교,서일고등학교,10.2286
보문고등학교,서일여자고등학교,10.1848
보문고등학교,신탄진고등학교,12.5796
보문고등학교,우송고등학교,1.6838
보문고등학교,유성고등학교,8.1177
보문고등학교,유성여자고등학교,10.035
보문고등학교,중일고등학교,9.8166
보문고등학교,청란여자고등학교,2.9575
보문고등학교,충남여자고등학교,1.4032
보문고등학교,한밭고등학교,5.4533
보문고등학교,호수돈여자고등학교,1.4309
서대전고등학교,남대전고등학교,7.5792
서대전고등학교,대덕고등학교,3.2403
서대전고등학교,대전가오고등학교,9.3914
서대전고등학교,대전관저고등학교,6.1778
서대전고등학교,대전괴정고등학교,2.3481
서대전고등학교,대전구봉고등학교,7.9641
서대전고등학교,대전도안고등학교,3.8689
서대전고등학교,대전동산고등학교,5.8118
서대전고등학교,대전둔산여자고등학교,0.8653
서대전고등학교,대전둔원고등학교,1.9551
서대전고등학교,대전만년고등학교,0.8529
서대전고등학교,대전반석고등학교,5.8298
서대전고등학교,대전복수고등학교,6.2778
서대전고등학교,대전성모여자고등학교,6.0536
서대전고등학교,대전예술고등학교,3.5365
서대전고등학교,대전용산고등학교,7.1697
서대전고등학교,대전이문고등학교,10.8308
서대전고등학교,대전전민고등학교,4.9707
서대전고등학교,대전제일고등학교,5.2123
서대전고등학교,대전중앙고등학교,4.7201
서대전고등학교,대전지족고등학교,5.2156
서대전고등학교,대전한빛고등학교,8.7789
서대전고등학교,동대전고등학교,4.8672
서대전고등학교,동방고등학교,6.9678
서대전고등학교,명석고등학교,7.6305
서대전고등학교,보문고등학교,5.5284
서대전고등학교,서대전여자고등학교,3.6023
서대전고등학교,서일고등학교,8.4892
서대전고등학교,서일여자고등학교,8.3986
서대전고등학교,신탄진고등학교,11.6004
서대전고등학교,우송고등학교,7.1118
서대전고등학교,유성고등학교,3.3383
서대전고등학교,유성여자고등학교,4.5379
서대전고등학교,중일고등학교,6.9316
서대전고등학교,청란여자고등학교,7.6863
서대전고등학교,충남여자고등학교,5.0422
서대전고등학교,한밭고등학교,1.5837
서대전고등학교,호수돈여자고등학교,5.4809
서대전여자고등학교,남대전고등학교,5.5513
서대전여자고등학교,대덕고등학교,6.7416
서대전여자고등학교,대전가오고등학교,7.8416
서대전여자고등학교,대전관저고등학교,3.4143
서대전여자고등학교,대전괴정고등학교,1.6357
서대전여자고등학교,대전구봉고등학교,4.9722
서대전여자고등학교,대전도안고등학교,3.063
서대전여자고등학교,대전동산고등학교,3.3861
서대전여자고등학교,대전둔산여자고등학교,2.8259
서대전여자고등학교,대전둔원고등학교,1.7131
서대전여자고등학교,대전만년고등학교,4.4066
서대전여자고등학교,대전반석고등학교,8.2754
서대전여자고등학교,대전복수고등학교,2.6892
서대전여자고등학교,대전성모여자고등학교,4.4057
서대전여자고등학교,대전예술고등학교,3.868
서대전여자고등학교,대전용산고등학교,10.6361
서대전여자고등학교,대전이문고등학교,14.1452
서대전여자고등학교,대전전민고등학교,8.2624
서대전여자고등학교,대전제일고등학교,1.6232
서대전여자고등학교,대전중앙고등학교,4.2225
서대전여자고등학교,대전지족고등학교,7.3875
서대전여자고등학교,대전한빛고등학교,5.1809
서대전여자고등학교,동대전고등학교,5.7919
서대전여자고등학교,동방고등학교,3.694
서대전여자고등학교,명석고등학교,8.0885
서대전여자고등학교,보문고등학교,4.9951
서대전여자고등학교,서대전고등학교,3.6023
서대전여자고등학교,서일고등학교,5.6187
서대전여자고등학교,서일여자고등학교,5.5516
서대전여자고등학교,신탄진고등학교,14.8074
서대전여자고등학교,우송고등학교,6.6239
서대전여자고등학교,유성고등학교,3.9256
서대전여자고등학교,유성여자고등학교,7.294
서대전여자고등학교,중일고등학교,10.4589
서대전여자고등학교,청란여자고등학교,5.6958
서대전여자고등학교,충남여자고등학교,3.7451
서대전여자고등학교,한밭고등학교,2.1365
서대전여자고등학교,호수돈여자고등학교,4.0265
서일고등학교,남대전고등학교,9.535
서일고등학교,대덕고등학교,11.6987
서일고등학교,대전가오고등학교,11.8822
서일고등학교,대전관저고등학교,2.3197
서일고등학교,대전괴정고등학교,7.2019
서일고등학교,대전구봉고등학교,0.7059
서일고등학교,대전도안고등학교,5.0003
서일고등학교,대전동산고등학교,7.6759
서일고등학교,대전둔산여자고등학교,7.9857
서일고등학교,대전둔원고등학교,7.0831
서일고등학교,대전만년고등학교,9.3355
서일고등학교,대전반석고등학교,10.4464
서일고등학교,대전복수고등학교,4.6245
서일고등학교,대전성모여자고등학교,9.0799
서일고등학교,대전예술고등학교,6.0291
서일고등학교,대전용산고등학교,15.603
서일고등학교,대전이문고등학교,19.3155
서일고등학교,대전전민고등학교,13.4574
서일고등학교,대전제일고등학교,4.8993
서일고등학교,대전중앙고등학교,9.5836
서일고등학교,대전지족고등학교,9.4459
서일고등학교,대전한빛고등학교,4.6542
서일고등학교,동대전고등학교,11.3702
서일고등학교,동방고등학교,2.1708
서일고등학교,명석고등학교,13.4509
서일고등학교,보문고등학교,10.2286
서일고등학교,서대전고등학교,8.4892
서일고등학교,서대전여자고등학교,5.6187
서일고등학교,서일여자고등학교,0.1085
서일고등학교,신탄진고등학교,20.087
서일고등학교,우송고등학교,11.6712
서일고등학교,유성고등학교,6.2944
서일고등학교,유성여자고등학교,10.1591
서일고등학교,중일고등학교,15.2968
서일고등학교,청란여자고등학교,9.6847
서일고등학교,충남여자고등학교,8.8364
서일고등학교,한밭고등학교,6.9493
서일고등학교,호수돈여자고등학교,8.9472
서일여자고등학교,남대전고등학교,9.5215
서일여자고등학교,대덕고등학교,11.6055
서일여자고등학교,대전가오고등학교,11.8731
서일여자고등학교,대전관저고등학교,2.2344
서일여자고등학교,대전괴정고등학교,7.1293
서일여자고등학교,대전구봉고등학교,0.6832
서일여자고등학교,대전도안고등학교,4.8975
서일여자고등학교,대전동산고등학교,7.6485
서일여자고등학교,대전둔산여자고등학교,7.9007
서일여자고등학교,대전둔원고등학교,7.0045
서일여자고등학교,대전만년고등학교,9.2442
서일여자고등학교,대전반석고등학교,10.3378
서일여자고등학교,대전복수고등학교,4.6064
서일여자고등학교,대전성모여자고등학교,9.0494
서일여자고등학교,대전예술고등학교,5.9233
서일여자고등학교,대전용산고등학교,15.5079
서일여자고등학교,대전이문고등학교,19.2234
서일여자고등학교,대전전민고등학교,13.3676
서일여자고등학교,대전제일고등학교,4.8584
서일여자고등학교,대전중앙고등학교,9.5343
서일여자고등학교,대전지족고등학교,9.3374
서일여자고등학교,대전한빛고등학교,4.6943
서일여자고등학교,동대전고등학교,11.3103
서일여자고등학교,동방고등학교,2.142
서일여자고등학교,명석고등학교,13.4049
서일여자고등학교,보문고등학교,10.1848
서일여자고등학교,서대전고등학교,8.3986
서일여자고등학교,서대전여자고등학교,5.5516
서일여자고등학교,서일고등학교,0.1085
서일여자고등학교,신탄진고등학교,19.9974
서일여자고등학교,우송고등학교,11.6354
서일여자고등학교,유성고등학교,6.1889
서일여자고등학교,유성여자고등학교,10.0514
서일여자고등학교,중일고등학교,15.1999
서일여자고등학교,청란여자고등학교,9.6716
서일여자고등학교,충남여자고등학교,8.7945
서일여자고등학교,한밭고등학교,6.8617
서일여자고등학교,호수돈여자고등학교,8.9102
신탄진고등학교,남대전고등학교,15.4686
신탄진고등학교,대덕고등학교,8.4446
신탄진고등학교,대전가오고등학교,15.55
신탄진고등학교,대전관저고등학교,17.7711
신탄진고등학교,대전괴정고등학교,13.1851
신탄진고등학교,대전구봉고등학교,19.5454
신탄진고등학교,대전도안고등학교,15.3368
신탄진고등학교,대전동산고등학교,15.119
신탄진고등학교,대전둔산여자고등학교,12.1307
신탄진고등학교,대전둔원고등학교,13.1372
신탄진고등학교,대전만년고등학교,10.7596
신탄진고등학교,대전반석고등학교,12.9903
신탄진고등학교,대전복수고등학교,17.1609
신탄진고등학교,대전성모여자고등학교,14.2367
신탄진고등학교,대전예술고등학교,14.6467
신탄진고등학교,대전용산고등학교,4.7976
신탄진고등학교,대전이문고등학교,1.1469
신탄진고등학교,대전전민고등학교,6.6299
신탄진고등학교,대전제일고등학교,16.1994
신탄진고등학교,대전중앙고등학교,12.5183
신탄진고등학교,대전지족고등학교,13.3937
신탄진고등학교,대전한빛고등학교,19.5527
신탄진고등학교,동대전고등학교,10.446
신탄진고등학교,동방고등학교,18.4491
신탄진고등학교,명석고등학교,10.8786
신탄진고등학교,보문고등학교,12.5796
신탄진고등학교,서대전고등학교,11.6004
신탄진고등학교,서대전여자고등학교,14.8074
신탄진고등학교,서일고등학교,20.087
신탄진고등학교,서일여자고등학교,19.9974
신탄진고등학교,우송고등학교,12.6999
신탄진고등학교,유성고등학교,14.3824
신탄진고등학교,유성여자고등학교,12.0058
신탄진고등학교,중일고등학교,5.3291
신탄진고등학교,청란여자고등학교,15.4633
신탄진고등학교,충남여자고등학교,13.5204
신탄진고등학교,한밭고등학교,13.1423
신탄진고등학교,호수돈여자고등학교,13.8102
우송고등학교,남대전고등학교,3.0768
우송고등학교,대덕고등학교,7.9598
우송고등학교,대전가오고등학교,2.9653
우송고등학교,대전관저고등학교,9.8107
우송고등학교,대전괴정고등학교,5.7576
우송고등학교,대전구봉고등학교,10.9663
우송고등학교,대전도안고등학교,9.4537
우송고등학교,대전동산고등학교,4.0638
우송고등학교,대전둔산여자고등학교,6.5222
우송고등학교,대전둔원고등학교,6.273
우송고등학교,대전만년고등학교,7.1775
우송고등학교,대전반석고등학교,12.9086
우송고등학교,대전복수고등학교,7.1454
우송고등학교,대전성모여자고등학교,2.642
우송고등학교,대전예술고등학교,9.8694
우송고등학교,대전용산고등학교,10.3823
우송고등학교,대전이문고등학교,12.5391
우송고등학교,대전전민고등학교,8.0317
우송고등학교,대전제일고등학교,6.785
우송고등학교,대전중앙고등학교,2.5325
우송고등학교,대전지족고등학교,12.3274
우송고등학교,대전한빛고등학교,8.6803
우송고등학교,동대전고등학교,2.8698
우송고등학교,동방고등학교,9.5034
우송고등학교,명석고등학교,2.1835
우송고등학교,보문고등학교,1.6838
우송고등학교,서대전고등학교,7.1118
우송고등학교,서대전여자고등학교,6.6239
우송고등학교,서일고등학교,11.6712
우송고등학교,서일여자고등학교,11.6354
우송고등학교,신탄진고등학교,12.6999
우송고등학교,유성고등학교,9.797
우송고등학교,유성여자고등학교,11.5632
우송고등학교,중일고등학교,10.6121
우송고등학교,청란여자고등학교,3.0141
우송고등학교,충남여자고등학교,2.9019
우송고등학교,한밭고등학교,7.1298
우송고등학교,호수돈여자고등학교,2.7272
유성고등학교,남대전고등학교,9.3686
유성고등학교,대덕고등학교,5.9859
유성고등학교,대전가오고등학교,11.5482
유성고등학교,대전관저고등학교,4.2794
유성고등학교,대전괴정고등학교,4.0668
유성고등학교,대전구봉고등학교,5.9743
유성고등학교,대전도안고등학교,1.386
유성고등학교,대전동산고등학교,7.2489
유성고등학교,대전둔산여자고등학교,3.4739
유성고등학교,대전둔원고등학교,3.5304
유성고등학교,대전만년고등학교,3.9676
유성고등학교,대전반석고등학교,4.6038
유성고등학교,대전복수고등학교,6.1339
유성고등학교,대전성모여자고등학교,8.0511
유성고등학교,대전예술고등학교,0.2742
유성고등학교,대전용산고등학교,9.6783
유성고등학교,대전이문고등학교,13.491
유성고등학교,대전전민고등학교,7.8874
유성고등학교,대전제일고등학교,5.2223
유성고등학교,대전중앙고등학교,7.2663
유성고등학교,대전지족고등학교,3.6327
유성고등학교,대전한빛고등학교,8.3111
유성고등학교,동대전고등학교,7.9973
유성고등학교,동방고등학교,5.5315
유성고등학교,명석고등학교,10.7076
유성고등학교,보문고등학교,8.1177
유성고등학교,서대전고등학교,3.3383
유성고등학교,서대전여자고등학교,3.9256
유성고등학교,서일고등학교,6.2944
유성고등학교,서일여자고등학교,6.1889
유성고등학교,신탄진고등학교,14.3824
유성고등학교,우송고등학교,9.797
유성고등학교,유성여자고등학교,3.9679
유성고등학교,중일고등학교,9.2827
유성고등학교,청란여자고등학교,9.5055
유성고등학교,충남여자고등학교,7.1871
유성고등학교,한밭고등학교,2.6703
유성고등학교,호수돈여자고등학교,7.5654
유성여자고등학교,남대전고등학교,12.0774
유성여자고등학교,대덕고등학교,4.7344
유성여자고등학교,대전가오고등학교,13.9288
유성여자고등학교,대전관저고등학교,8.2423
유성여자고등학교,대전괴정고등학교,6.6423
유성여자고등학교,대전구봉고등학교,9.8997
유성여자고등학교,대전도안고등학교,5.3534
유성여자고등학교,대전동산고등학교,10.1866
유성여자고등학교,대전둔산여자고등학교,5.3041
유성여자고등학교,대전둔원고등학교,6.1164
유성여자고등학교,대전만년고등학교,4.3902
유성여자고등학교,대전반석고등학교,1.4028
유성여자고등학교,대전복수고등학교,9.8366
유성여자고등학교,대전성모여자고등학교,10.5724
유성여자고등학교,대전예술고등학교,4.2054
유성여자고등학교,대전용산고등학교,7.2341
유성여자고등학교,대전이문고등학교,10.9648
유성여자고등학교,대전전민고등학교,6.3979
유성여자고등학교,대전제일고등학교,8.8285
유성여자고등학교,대전중앙고등학교,9.2449
유성여자고등학교,대전지족고등학교,1.3938
유성여자고등학교,대전한빛고등학교,12.1611
유성여자고등학교,동대전고등학교,9.0456
유성여자고등학교,동방고등학교,9.496
유성여자고등학교,명석고등학교,11.7581
유성여자고등학교,보문고등학교,10.035
유성여자고등학교,서대전고등학교,4.5379
유성여자고등학교,서대전여자고등학교,7.294
유성여자고등학교,서일고등학교,10.1591
유성여자고등학교,서일여자고등학교,10.0514
유성여자고등학교,신탄진고등학교,12.0058
유성여자고등학교,우송고등학교,11.5632
유성여자고등학교,유성고등학교,3.9679
유성여자고등학교,중일고등학교,6.677
유성여자고등학교,청란여자고등학교,12.1908
유성여자고등학교,충남여자고등학교,9.5701
유성여자고등학교,한밭고등학교,5.2943
유성여자고등학교,호수돈여자고등학교,10.0058
중일고등학교,남대전고등학교,12.6993
중일고등학교,대덕고등학교,3.7174
중일고등학교,대전가오고등학교,13.5621
중일고등학교,대전관저고등학교,13.0246
중일고등학교,대전괴정고등학교,8.9527
중일고등학교,대전구봉고등학교,14.8233
중일고등학교,대전도안고등학교,10.3718
중일고등학교,대전동산고등학교,11.6953
중일고등학교,대전둔산여자고등학교,7.6371
중일고등학교,대전둔원고등학교,8.7472
중일고등학교,대전만년고등학교,6.0862
중일고등학교,대전반석고등학교,7.6958
중일고등학교,대전복수고등학교,13.0527
중일고등학교,대전성모여자고등학교,11.2213
중일고등학교,대전예술고등학교,9.5544
중일고등학교,대전용산고등학교,0.6473
중일고등학교,대전이문고등학교,4.3074
중일고등학교,대전전민고등학교,2.6136
중일고등학교,대전제일고등학교,12.0107
중일고등학교,대전중앙고등학교,9.4235
중일고등학교,대전지족고등학교,8.066
중일고등학교,대전한빛고등학교,15.5481
중일고등학교,동대전고등학교,7.7979
중일고등학교,동방고등학교,13.8945
중일고등학교,명석고등학교,9.5304
중일고등학교,보문고등학교,9.8166
중일고등학교,서대전고등학교,6.9316
중일고등학교,서대전여자고등학교,10.4589
중일고등학교,서일고등학교,15.2968
중일고등학교,서일여자고등학교,15.1999
중일고등학교,신탄진고등학교,5.3291
중일고등학교,우송고등학교,10.6121
중일고등학교,유성고등학교,9.2827
중일고등학교,유성여자고등학교,6.677
중일고등학교,청란여자고등학교,12.7435
중일고등학교,충남여자고등학교,10.2948
중일고등학교,한밭고등학교,8.5141
중일고등학교,호수돈여자고등학교,10.6835
청란여자고등학교,남대전고등학교,0.1531
청란여자고등학교,대덕고등학교,9.558
청란여자고등학교,대전가오고등학교,2.2354
청란여자고등학교,대전관저고등학교,8.2224
청란여자고등학교,대전괴정고등학교,5.6123
청란여자고등학교,대전구봉고등학교,8.9885
청란여자고등학교,대전도안고등학교,8.7588
청란여자고등학교,대전동산고등학교,2.3216
청란여자고등학교,대전둔산여자고등학교,6.8877
청란여자고등학교,대전둔원고등학교,6.1668
청란여자고등학교,대전만년고등학교,8.072
청란여자고등학교,대전반석고등학교,13.4049
청란여자고등학교,대전복수고등학교,5.0723
청란여자고등학교,대전성모여자고등학교,1.6471
청란여자고등학교,대전예술고등학교,9.4934
청란여자고등학교,대전용산고등학교,12.6256
청란여자고등학교,대전이문고등학교,15.196
청란여자고등학교,대전전민고등학교,10.1333
청란여자고등학교,대전제일고등학교,5.1304
청란여자고등학교,대전중앙고등학교,3.3496
청란여자고등학교,대전지족고등학교,12.6494
청란여자고등학교,대전한빛고등학교,6.0083
청란여자고등학교,동대전고등학교,5.0922
청란여자고등학교,동방고등학교,7.5521
청란여자고등학교,명석고등학교,5.1936
청란여자고등학교,보문고등학교,2.9575
청란여자고등학교,서대전고등학교,7.6863
청란여자고등학교,서대전여자고등학교,5.6958
청란여자고등학교,서일고등학교,9.6847
청란여자고등학교,서일여자고등학교,9.6716
청란여자고등학교,신탄진고등학교,15.4633
청란여자고등학교,우송고등학교,3.0141
청란여자고등학교,유성고등학교,9.5055
청란여자고등학교,유성여자고등학교,12.1908
청란여자고등학교,중일고등학교,12.7435
청란여자고등학교,충남여자고등학교,2.6717
청란여자고등학교,한밭고등학교,7.0605
청란여자고등학교,호수돈여자고등학교,2.2301
충남여자고등학교,남대전고등학교,2.58
충남여자고등학교,대덕고등학교,6.9551
충남여자고등학교,대전가오고등학교,4.4131
충남여자고등학교,대전관저고등학교,6.9157
충남여자고등학교,대전괴정고등학교,3.1385
충남여자고등학교,대전구봉고등학교,8.1355
충남여자고등학교,대전도안고등학교,6.6737
충남여자고등학교,대전동산고등학교,1.6331
충남여자고등학교,대전둔산여자고등학교,4.2728
충남여자고등학교,대전둔원고등학교,3.6935
충남여자고등학교,대전만년고등학교,5.4011
충남여자고등학교,대전반석고등학교,10.8193
충남여자고등학교,대전복수고등학교,4.4444
충남여자고등학교,대전성모여자고등학교,1.0246
충남여자고등학교,대전예술고등학교,7.2203
충남여자고등학교,대전용산고등학교,10.2408
충남여자고등학교,대전이문고등학교,13.1182
충남여자고등학교,대전전민고등학교,7.7146
충남여자고등학교,대전제일고등학교,3.9373
충남여자고등학교,대전중앙고등학교,1.0145
충남여자고등학교,대전지족고등학교,10.108
충남여자고등학교,대전한빛고등학교,6.3751
충남여자고등학교,동대전고등학교,3.1518
충남여자고등학교,동방고등학교,6.6827
충남여자고등학교,명석고등학교,4.635
충남여자고등학교,보문고등학교,1.4032
충남여자고등학교,서대전고등학교,5.0422
충남여자고등학교,서대전여자고등학교,3.7451
충남여자고등학교,서일고등학교,8.8364
충남여자고등학교,서일여자고등학교,8.7945
충남여자고등학교,신탄진고등학교,13.5204
충남여자고등학교,우송고등학교,2.9019
충남여자고등학교,유성고등학교,7.1871
충남여자고등학교,유성여자고등학교,9.5701
충남여자고등학교,중일고등학교,10.2948
충남여자고등학교,청란여자고등학교,2.6717
충남여자고등학교,한밭고등학교,4.5944
충남여자고등학교,호수돈여자고등학교,0.4422
한밭고등학교,남대전고등학교,6.9339
한밭고등학교,대덕고등학교,4.8226
한밭고등학교,대전가오고등학교,8.9996
한밭고등학교,대전관저고등학교,4.6306
한밭고등학교,대전괴정고등학교,1.4604
한밭고등학교,대전구봉고등학교,6.4042
한밭고등학교,대전도안고등학교,2.6488
한밭고등학교,대전동산고등학교,4.9305
한밭고등학교,대전둔산여자고등학교,1.0732
한밭고등학교,대전둔원고등학교,0.9024
한밭고등학교,대전만년고등학교,2.4347
한밭고등학교,대전반석고등학교,6.3994
한밭고등학교,대전복수고등학교,4.8216
한밭고등학교,대전성모여자고등학교,5.5181
한밭고등학교,대전예술고등학교,2.7624
한밭고등학교,대전용산고등학교,8.7522
한밭고등학교,대전이문고등학교,12.3947
한밭고등학교,대전전민고등학교,6.516
한밭고등학교,대전제일고등학교,3.758
한밭고등학교,대전중앙고등학교,4.6017
한밭고등학교,대전지족고등학교,5.5987
한밭고등학교,대전한빛고등학교,7.3
한밭고등학교,동대전고등학교,5.4162
한밭고등학교,동방고등학교,5.3843
한밭고등학교,명석고등학교,8.0789
한밭고등학교,보문고등학교,5.4533
한밭고등학교,서대전고등학교,1.5837
한밭고등학교,서대전여자고등학교,2.1365
한밭고등학교,서일고등학교,6.9493
한밭고등학교,서일여자고등학교,6.8617
한밭고등학교,신탄진고등학교,13.1423
한밭고등학교,우송고등학교,7.1298
한밭고등학교,유성고등학교,2.6703
한밭고등학교,유성여자고등학교,5.2943
한밭고등학교,중일고등학교,8.5141
한밭고등학교,청란여자고등학교,7.0605
한밭고등학교,충남여자고등학교,4.5944
한밭고등학교,호수돈여자고등학교,4.9965
호수돈여자고등학교,남대전고등학교,2.1401
호수돈여자고등학교,대덕고등학교,7.3769
호수돈여자고등학교,대전가오고등학교,4.0031
호수돈여자고등학교,대전관저고등학교,7.0978
호수돈여자고등학교,대전괴정고등학교,3.5368
호수돈여자고등학교,대전구봉고등학교,8.2429
호수돈여자고등학교,대전도안고등학교,7.0049
호수돈여자고등학교,대전동산고등학교,1.48
호수돈여자고등학교,대전둔산여자고등학교,4.7056
호수돈여자고등학교,대전둔원고등학교,4.0943
호수돈여자고등학교,대전만년고등학교,5.8432
호수돈여자고등학교,대전반석고등학교,11.2495
호수돈여자고등학교,대전복수고등학교,4.4652
호수돈여자고등학교,대전성모여자고등학교,0.5832
호수돈여자고등학교,대전예술고등학교,7.5899
호수돈여자고등학교,대전용산고등학교,10.6158
호수돈여자고등학교,대전이문고등학교,13.4337
호수돈여자고등학교,대전전민고등학교,8.094
호수돈여자고등학교,대전제일고등학교,4.0578
호수돈여자고등학교,대전중앙고등학교,1.3019
호수돈여자고등학교,대전지족고등학교,10.5305
호수돈여자고등학교,대전한빛고등학교,6.2572
호수돈여자고등학교,동대전고등학교,3.3888
호수돈여자고등학교,동방고등학교,6.7817
호수돈여자고등학교,명석고등학교,4.6061
호수돈여자고등학교,보문고등학교,1.4309
호수돈여자고등학교,서대전고등학교,5.4809
호수돈여자고등학교,서대전여자고등학교,4.0265
호수돈여자고등학교,서일고등학교,8.9472
호수돈여자고등학교,서일여자고등학교,8.9102
호수돈여자고등학교,신탄진고등학교,13.8102
호수돈여자고등학교,우송고등학교,2.7272
호수돈여자고등학교,유성고등학교,7.5654
호수돈여자고등학교,유성여자고등학교,10.0058
호수돈여자고등학교,중일고등학교,10.6835
호수돈여자고등학교,청란여자고등학교,2.2301
호수돈여자고등학교,충남여자고등학교,0.4422
호수돈여자고등학교,한밭고등학교,4.9965
