학기,학교명,유형,교과목명,교과구분,교과영역,교과군,대상학년,학점,수업장소,요일,유형표준,온라인여부,과목정제,표준과목명,계열,_norm_school
2025_1st,남대전고,오프라인,경제,보통교과,탐구,,2,3,거점학교(2-8),,오프라인,False,경제,경제,인문·사회,남대전고
2025_1st,남대전고,오프라인,고급수학Ⅱ,전문교과,전문교과Ⅰ,,"2,3",2,거점학교(물리실),,오프라인,False,고급수학2,고급수학2,자연·공학,남대전고
2025_1st,남대전고,오프라인,고급지구과학,전문교과,전문교과Ⅰ,,"2,3",2,거점학교(지구과학실),,오프라인,False,고급지구과학,고급지구과학,자연·공학,남대전고
2025_1st,남대전고,오프라인,고급화학,전문교과,전문교과Ⅰ,,"2,3",2,거점학교(1-1),,오프라인,False,고급화학,고급화학,자연·공학,남대전고
2025_1st,남대전고,오프라인,문학과매체,전문교과,전문교과Ⅰ,,"2,3",2,거점학교(도서관),,오프라인,False,문학과매체,문학과매체,인문·사회,남대전고
2025_1st,남대전고,오프라인,비교문화,전문교과,전문교과Ⅰ,,"2,3",3,거점학교(온카페),,오프라인,False,비교문화,비교문화,제2외국어·국제,남대전고
2025_1st,남대전고,오프라인,세계문제와미래사회,전문교과,전문교과Ⅰ,,"2,3",3,거점학교(온카페),,오프라인,False,세계문제와미래사회,세계문제와미래사회,인문·사회,남대전고
2025_1st,남대전고,오프라인,자동차일반,전문교과,전문교과Ⅱ,,"2,3",3,거점학교(컴퓨터실),,오프라인,False,자동차일반,자동차일반,진로·융합,남대전고
2025_1st,남대전고,오프라인,정보,보통교과,생활·교양,,"2,3",2,거점학교(컴퓨터실),,오프라인,False,정보,정보,정보·AI,남대전고
2025_1st,남대전고,오프라인,정보과학,전문교과,전문교과Ⅰ,,3,2,거점학교(컴퓨터실),,오프라인,False,정보과학,정보과학,정보·AI,남대전고
2025_1st,남대전고,오프라인,정치와법,보통교과,탐구,,"2,3",3,거점학교(2-8),,오프라인,False,정치와법,정치와법,인문·사회,남대전고
2025_1st,남대전고,오프라인,지식재산일반,보통교과,생활·교양,,"2,3",3,거점학교(컴퓨터실),,오프라인,False,지식재산일반,지식재산일반,진로·융합,남대전고
2025_1st,남대전고,오프라인,심화수학Ⅰ,전문교과,전문교과Ⅰ,,2,2,거점학교(1-3),,오프라인,False,심화수학1,심화수학1,자연·공학,남대전고
2025_1st,남대전고,오프라인,고급생명과학,전문교과,전문교과Ⅰ,,"2,3",2,거점학교(3-1),,오프라인,False,고급생명과학,고급생명과학,자연·공학,남대전고
2025_1st,남대전고,오프라인,실용통계,고시_외,고시_외,,"2,3",3,거점학교(3-2),,오프라인,False,실용통계,실용통계,기타,남대전고
2025_1st,남대전고,진로선택형,기초 수업 실연,비교과,인문(어문),,"1,2,3",해당없음(진로선택형),거점학교(1-7),,진로선택형,False,기초수업실연,기초수업실연,기타,남대전고
2025_1st,남대전고,진로선택형,나만의 이모티콘과 굿즈 만들기,비교과,예체능,,"1,2",해당없음(진로선택형),거점학교(미술실),,진로선택형,False,나만의이모티콘과굿즈만들기,나만의이모티콘과굿즈만들기,기타,남대전고
2025_1st,남대전고,진로선택형,미래공학자를 위한 메이커,비교과,자연과학,,"1,2,3",해당없음(진로선택형),거점학교(지구과학실),,진로선택형,False,미래공학자를위한메이커,미래공학자를위한메이커,자연·공학,남대전고
2025_1st,남대전고,진로선택형,밴드 합주 실습,비교과,예체능,,"1,2,3",해당없음(진로선택형),거점학교(음악실),,진로선택형,False,밴드합주실습,밴드합주실습,예체능,남대전고
2025_1st,남대전고,진로선택형,사이브릿지+공학연구단,비교과,자연과학,,1,해당없음(진로선택형),거점학교(물리실),,진로선택형,False,사이브릿지+공학연구단,사이브릿지+공학연구단,자연·공학,남대전고
2025_1st,남대전고,진로선택형,아두이노를 활용한 실생활 문제 해결,비교과,자연과학,,"1,2,3",해당없음(진로선택형),거점학교(물리실),,진로선택형,False,아두이노를활용한실생활문제해결,아두이노를활용한실생활문제해결,기타,남대전고
2025_1st,남대전고,진로선택형,통계를 활용한 사회문제 분석,비교과,사회과학,,"2,3",해당없음(진로선택형),거점학교(온카페),,진로선택형,False,통계를활용한사회문제분석,통계를활용한사회문제분석,인문·사회,남대전고
2025_1st,대덕고,오프라인,고급물리학,전문교과,전문교과Ⅰ,,3,2,거점학교(컴퓨터2실),,오프라인,False,고급물리학,고급물리학,자연·공학,대덕고
2025_1st,대덕고,오프라인,고급생명과학,전문교과,전문교과Ⅰ,,3,2,거점학교(다목적1실),,오프라인,False,고급생명과학,고급생명과학,자연·공학,대덕고
2025_1st,대덕고,오프라인,고급수학Ⅰ,전문교과,전문교과Ⅰ,,3,2,거점학교(다목적2실),,오프라인,False,고급수학1,고급수학1,자연·공학,대덕고
2025_1st,대전가오고,오프라인,물리학실험,전문교과,전문교과Ⅰ,,2,2,거점학교(과학1실),,오프라인,False,물리학실험,물리학실험,자연·공학,대전가오고
2025_1st,대전고,온라인,문학과매체,전문교과,전문교과Ⅰ,,2,2,교실온닷,,온라인,True,문학과매체,문학과매체,인문·사회,대전고
2025_1st,대전고,오프라인,과학과제연구,전문교과,전문교과Ⅰ,,2,2,거점학교(6층화학실),,오프라인,False,과학과제연구,과학과제연구,자연·공학,대전고
2025_1st,대전고,오프라인,생명과학실험,전문교과,전문교과Ⅰ,,3,2,거점학교(6층생명과학실),,오프라인,False,생명과학실험,생명과학실험,자연·공학,대전고
2025_1st,대전고,오프라인,환경,보통교과,생활·교양,,2,2,거점학교(6층생명과학실),,오프라인,False,환경,환경,자연·공학,대전고
2025_1st,대전관저고,오프라인,물리학실험,전문교과,전문교과Ⅰ,,"2,3",2,거점학교(물리지학실),,오프라인,False,물리학실험,물리학실험,자연·공학,대전관저고
2025_1st,대전관저고,오프라인,철학,보통교과,생활·교양,,"2,3",3,거점학교(1-4),,오프라인,False,철학,철학,인문·사회,대전관저고
2025_1st,대전괴정고,오프라인,철학,보통교과,생활·교양,,"2,3",2,거점학교(3-4),,오프라인,False,철학,철학,인문·사회,대전괴정고
2025_1st,대전괴정고,진로선택형,초급화성학,비교과,예체능,,"1,2,3",해당없음(진로선택형),거점학교(음악실),,진로선택형,False,초급화성학,초급화성학,기타,대전괴정고
2025_1st,대전괴정고,진로선택형,교육심리학: 학습과 성장의 힘,비교과,기타,,"1,2,3",해당없음(진로선택형),거점학교(위클래스),,진로선택형,False,교육심리학:학습과성장의힘,교육심리학:학습과성장의힘,인문·사회,대전괴정고
2025_1st,대전괴정고,진로선택형,나도 배구 스파이크 할 수 있어!,비교과,예체능,,"1, 2, 3",해당없음(진로선택형),거점학교(체육관),,진로선택형,False,나도배구스파이크할수있어!,나도배구스파이크할수있어!,기타,대전괴정고
2025_1st,대전구봉고,오프라인,화학실험,전문교과,전문교과Ⅰ,,3,2,거점학교(과학2실),,오프라인,False,화학실험,화학실험,자연·공학,대전구봉고
2025_1st,대전구봉고,오프라인,지구과학실험,전문교과,전문교과Ⅰ,,"2,3",2,거점학교(3-2교실),,오프라인,False,지구과학실험,지구과학실험,자연·공학,대전구봉고
2025_1st,대전구봉고,오프라인,고급지구과학,전문교과,전문교과Ⅰ,,3,2,거점학교(3-2교실),,오프라인,False,고급지구과학,고급지구과학,자연·공학,대전구봉고
2025_1st,대전국제통상고,진로선택형,나만의 영상 만들기,비교과,예체능,,"1,2,3",해당없음(진로선택형),거점학교(편집실2),,진로선택형,False,나만의영상만들기,나만의영상만들기,기타,대전국제통상고
2025_1st,대전국제통상고,진로선택형,디저트 제작소,비교과,기타,,"1,2,3",해당없음(진로선택형),거점학교(조리제빵실),,진로선택형,False,디저트제작소,디저트제작소,기타,대전국제통상고
2025_1st,대전국제통상고,진로선택형,맛있는 세계여행,비교과,기타,,"1,2,3",해당없음(진로선택형),거점학교(한식조리실),,진로선택형,False,맛있는세계여행,맛있는세계여행,기타,대전국제통상고
2025_1st,대전국제통상고,진로선택형,케이크 길라잡이,비교과,기타,,"1,2,3",해당없음(진로선택형),거점학교(제과제빵실),,진로선택형,False,케이크길라잡이,케이크길라잡이,기타,대전국제통상고
2025_1st,대전국제통상고,진로선택형,코스메틱 공방,비교과,기타,,"1,2,3",해당없음(진로선택형),거점학교(피부실),,진로선택형,False,코스메틱공방,코스메틱공방,기타,대전국제통상고
2025_1st,대전국제통상고,진로선택형,헤어 디자인의 이해,비교과,기타,,"1,2,3",해당없음(진로선택형),거점학교(헤어실),,진로선택형,False,헤어디자인의이해,헤어디자인의이해,예체능,대전국제통상고
2025_1st,대전노은고,오프라인,고급생명과학,전문교과,전문교과Ⅰ,,3,2,거점학교(2-2),,오프라인,False,고급생명과학,고급생명과학,자연·공학,대전노은고
2025_1st,대전노은고,오프라인,고급수학Ⅰ,전문교과,전문교과Ⅰ,,3,2,거점학교(3층 PBL학습실),,오프라인,False,고급수학1,고급수학1,자연·공학,대전노은고
2025_1st,대전노은고,오프라인,국제정치,전문교과,전문교과Ⅰ,,2,2,거점학교(2-7),,오프라인,False,국제정치,국제정치,인문·사회,대전노은고
2025_1st,대전노은고,오프라인,물리학실험,전문교과,전문교과Ⅰ,,2,2,거점학교(물리지학실),,오프라인,False,물리학실험,물리학실험,자연·공학,대전노은고
2025_1st,대전노은고,온라인,고급수학Ⅰ,전문교과,전문교과Ⅰ,,3,2,교실온닷,,온라인,True,고급수학1,고급수학1,자연·공학,대전노은고
2025_1st,대전노은고,진로선택형,배드민턴 실전반,비교과,예체능,,"1, 2, 3",해당없음(진로선택형),거점학교(강당),,진로선택형,False,배드민턴실전반,배드민턴실전반,기타,대전노은고
2025_1st,대전대성고,온라인,교육학,보통교과,생활·교양,,"2, 3",2,교실온닷,,온라인,True,교육학,교육학,인문·사회,대전대성고
2025_1st,대전대성고,오프라인,수학적사고와벡터,고시_외,고시_외,,"2, 3",2,거점학교(화생실),,오프라인,False,수학적사고와벡터,수학적사고와벡터,자연·공학,대전대성고
2025_1st,대전대성고,오프라인,인공지능수학,보통교과,기초,,"2, 3",2,거점학교(물지실),,오프라인,False,인공지능수학,인공지능수학,정보·AI,대전대성고
2025_1st,대전대성고,진로선택형,통계를 통한 데이터 해석,비교과,자연과학,,"2, 3",해당없음(진로선택형),거점학교(화생실),,진로선택형,False,통계를통한데이터해석,통계를통한데이터해석,정보·AI,대전대성고
2025_1st,대전대성고,진로선택형,배드민턴,비교과,예체능,,"1, 2",해당없음(진로선택형),거점학교(체육관),,진로선택형,False,배드민턴,배드민턴,기타,대전대성고
2025_1st,대전대성여자고,진로선택형,쉽게 배우는 영상제작,비교과,기타,,"1, 2",해당없음(진로선택형),거점학교(정보1실),,진로선택형,False,쉽게배우는영상제작,쉽게배우는영상제작,기타,대전대성여자고
2025_1st,대전대성여자고,진로선택형,쁘띠 디저트 클래스,비교과,기타,,"1, 2, 3",해당없음(진로선택형),거점학교(제빵실),,진로선택형,False,쁘띠디저트클래스,쁘띠디저트클래스,기타,대전대성여자고
2025_1st,대전대신고,온라인,지역이해,전문교과,전문교과Ⅰ,,"2, 3",3,교실온닷,,온라인,True,지역이해,지역이해,제2외국어·국제,대전대신고
2025_1st,대전대신고,온라인,고급수학Ⅱ,전문교과,전문교과Ⅰ,,3,3,교실온닷,,온라인,True,고급수학2,고급수학2,자연·공학,대전대신고
2025_1st,대전대신고,온라인,문학개론,전문교과,전문교과Ⅰ,,"2, 3",3,교실온닷,,온라인,True,문학개론,문학개론,인문·사회,대전대신고
2025_1st,대전대신고,진로선택형,영화 속 역사,비교과,사회과학,,"2, 3",해당없음(진로선택형),거점학교(교실),,진로선택형,False,영화속역사,영화속역사,인문·사회,대전대신고
2025_1st,대전도시과학고,온라인,기계일반,보통교과,생활·교양,,2,3,교실온닷,,온라인,True,기계일반,기계일반,기타,대전도시과학고
2025_1st,대전도시과학고,온라인,기계제도,보통교과,생활·교양,,2,3,교실온닷,,온라인,True,기계제도,기계제도,기타,대전도시과학고
2025_1st,대전도시과학고,온라인,세계지리,보통교과,탐구,,2,3,교실온닷,,온라인,True,세계지리,세계지리,인문·사회,대전도시과학고
2025_1st,대전도시과학고,진로선택형,3D프린터운용실기반,비교과,기타,,"1, 2, 3",해당없음(진로선택형),거점학교(CAD/CAM1실),,진로선택형,False,3D프린터운용실기반,3D프린터운용실기반,기타,대전도시과학고
2025_1st,대전도시과학고,진로선택형,자동차 정비 배우기,비교과,기타,,2,해당없음(진로선택형),거점학교(친환경자동차실),,진로선택형,False,자동차정비배우기,자동차정비배우기,진로·융합,대전도시과학고
2025_1st,대전도안고,오프라인,고급화학,전문교과,전문교과Ⅰ,,2,2,거점학교(과학실),,오프라인,False,고급화학,고급화학,자연·공학,대전도안고
2025_1st,대전도안고,오프라인,물리학실험,전문교과,전문교과Ⅰ,,2,3,거점학교(과학실),,오프라인,False,물리학실험,물리학실험,자연·공학,대전도안고
2025_1st,대전도안고,오프라인,생명과학실험,전문교과,전문교과Ⅰ,,3,2,거점학교(과학실),,오프라인,False,생명과학실험,생명과학실험,자연·공학,대전도안고
2025_1st,대전도안고,오프라인,세계사,보통교과,탐구,,3,2,거점학교(미디어실),,오프라인,False,세계사,세계사,인문·사회,대전도안고
2025_1st,대전동산고,온라인,논리학,보통교과,생활·교양,,"2,3",2,교실온닷,,온라인,True,논리학,논리학,인문·사회,대전동산고
2025_1st,대전동산고,오프라인,고급물리학,전문교과,전문교과Ⅰ,,3,2,거점학교(물리실),,오프라인,False,고급물리학,고급물리학,자연·공학,대전동산고
2025_1st,대전동산고,오프라인,물리학실험,전문교과,전문교과Ⅰ,,3,2,거점학교(물리실),,오프라인,False,물리학실험,물리학실험,자연·공학,대전동산고
2025_1st,대전동산고,오프라인,국제경제,전문교과,전문교과Ⅰ,,"2,3",2,거점학교(사회과교실),,오프라인,False,국제경제,국제경제,인문·사회,대전동산고
2025_1st,대전동산고,오프라인,문장론,보통교과,기초,,2,2,거점학교(지구과학실),,오프라인,False,문장론,문장론,기타,대전동산고
2025_1st,대전동산고,오프라인,융합과학탐구(A반),전문교과,전문교과Ⅰ,,3,2,거점학교(지구과학실),,오프라인,False,융합과학탐구,융합과학탐구,자연·공학,대전동산고
2025_1st,대전동산고,오프라인,융합과학탐구(B반),전문교과,전문교과Ⅰ,,2,2,거점학교(지구과학실),,오프라인,False,융합과학탐구,융합과학탐구,자연·공학,대전동산고
2025_1st,대전동산고,오프라인,세계문제와미래사회,전문교과,전문교과Ⅰ,,3,2,거점학교(사회과교실),,오프라인,False,세계문제와미래사회,세계문제와미래사회,인문·사회,대전동산고
2025_1st,대전동산고,오프라인,한국사회의이해,전문교과,전문교과Ⅰ,,2,2,거점학교(사회과교실),,오프라인,False,한국사회의이해,한국사회의이해,인문·사회,대전동산고
2025_1st,대전동산고,오프라인,고급화학,전문교과,전문교과Ⅰ,,3,2,거점학교(화학실),,오프라인,False,고급화학,고급화학,자연·공학,대전동산고
2025_1st,대전동신과학고,오프라인,세계사,보통교과,탐구,,"2,3",3,대전외고(교실),,오프라인,False,세계사,세계사,인문·사회,대전동신과학고
2025_1st,대전둔산여자고,오프라인,고급수학,전문교과,전문교과Ⅰ,,3,2,거점학교(온라인스튜디오),,오프라인,True,고급수학,고급수학,자연·공학,대전둔산여자고
2025_1st,대전둔산여자고,오프라인,고급물리학,전문교과,전문교과Ⅰ,,3,2,거점학교(온라인스튜디오),,오프라인,True,고급물리학,고급물리학,자연·공학,대전둔산여자고
2025_1st,대전둔산여자고,오프라인,고급화학,전문교과,전문교과Ⅰ,,3,2,거점학교(온라인스튜디오),,오프라인,True,고급화학,고급화학,자연·공학,대전둔산여자고
2025_1st,대전둔산여자고,오프라인,생명과학실험,전문교과,전문교과Ⅰ,,3,2,거점학교(탐구과학1실),,오프라인,False,생명과학실험,생명과학실험,자연·공학,대전둔산여자고
2025_1st,대전둔원고,오프라인,고급화학,전문교과,전문교과Ⅰ,,"2, 3",2,거점학교(1-3),,오프라인,False,고급화학,고급화학,자연·공학,대전둔원고
2025_1st,대전둔원고,오프라인,국제정치,전문교과,전문교과Ⅰ,,"2, 3",2,거점학교(3-4),,오프라인,False,국제정치,국제정치,인문·사회,대전둔원고
2025_1st,대전둔원고,오프라인,물리학실험,전문교과,전문교과Ⅰ,,2,3,거점학교(융합과학실),,오프라인,False,물리학실험,물리학실험,자연·공학,대전둔원고
2025_1st,대전둔원고,오프라인,인공지능수학,보통교과,기초,,"2, 3",2,거점학교(컴퓨터실),,오프라인,False,인공지능수학,인공지능수학,정보·AI,대전둔원고
2025_1st,대전둔원고,진로선택형,수학으로 바라본 인공지능,비교과,기타,,"1, 2, 3",해당없음(진로선택형),거점학교(1-8),,진로선택형,False,수학으로바라본인공지능,수학으로바라본인공지능,정보·AI,대전둔원고
2025_1st,대전만년고,오프라인,고급지구과학,전문교과,전문교과Ⅰ,,"2, 3",2,거점학교(대강의실),,오프라인,False,고급지구과학,고급지구과학,자연·공학,대전만년고
2025_1st,대전만년고,오프라인,물리학실험,전문교과,전문교과Ⅰ,,2,2,거점학교(과학1실),,오프라인,False,물리학실험,물리학실험,자연·공학,대전만년고
2025_1st,대전만년고,진로선택형,넷볼기초,비교과,예체능,,"1, 2, 3",해당없음(진로선택형),거점학교(나래관),,진로선택형,False,넷볼기초,넷볼기초,기타,대전만년고
2025_1st,대전반석고,온라인,교육학,보통교과,생활·교양,,"2,3",2,교실온닷,,온라인,True,교육학,교육학,인문·사회,대전반석고
2025_1st,대전반석고,온라인,심리학,보통교과,생활·교양,,"2,3",2,교실온닷,,온라인,True,심리학,심리학,인문·사회,대전반석고
2025_1st,대전반석고,오프라인,고급물리학,전문교과,전문교과Ⅰ,,3,2,거점학교(과학실),,오프라인,False,고급물리학,고급물리학,자연·공학,대전반석고
2025_1st,대전반석고,오프라인,고급생명과학,전문교과,전문교과Ⅰ,,3,2,거점학교(과학실),,오프라인,False,고급생명과학,고급생명과학,자연·공학,대전반석고
2025_1st,대전반석고,오프라인,지구과학실험,전문교과,전문교과Ⅰ,,3,2,거점학교(과학실),,오프라인,False,지구과학실험,지구과학실험,자연·공학,대전반석고
2025_1st,대전반석고,오프라인,과학과제연구,전문교과,전문교과Ⅰ,,2,3,거점학교(과학실),,오프라인,False,과학과제연구,과학과제연구,자연·공학,대전반석고
2025_1st,대전반석고,오프라인,생명과학실험,전문교과,전문교과Ⅰ,,2,2,거점학교(과학실),,오프라인,False,생명과학실험,생명과학실험,자연·공학,대전반석고
2025_1st,대전반석고,오프라인,스포츠경기실습,전문교과,전문교과Ⅰ,,2,2,거점학교(강당),,오프라인,False,스포츠경기실습,스포츠경기실습,예체능,대전반석고
2025_1st,대전복수고,오프라인,생태와환경,전문교과,전문교과Ⅰ,,"2,3",2,거점학교(2-7),,오프라인,False,생태와환경,생태와환경,자연·공학,대전복수고
2025_1st,대전산업정보고,진로선택형,떡과 한식 디저트,비교과,기타,,"1, 2, 3",해당없음(진로선택형),거점학교(실습실),,진로선택형,False,떡과한식디저트,떡과한식디저트,기타,대전산업정보고
2025_1st,대전산업정보고,진로선택형,다채로운 디저트,비교과,기타,,"2,3",해당없음(진로선택형),거점학교(제빵실),,진로선택형,False,다채로운디저트,다채로운디저트,기타,대전산업정보고
2025_1st,대전산업정보고,진로선택형,달콤 베이커리,비교과,기타,,"1, 2, 3",해당없음(진로선택형),거점학교(제빵실),,진로선택형,False,달콤베이커리,달콤베이커리,기타,대전산업정보고
2025_1st,대전산업정보고,진로선택형,배드민턴 기초,비교과,예체능,,"1, 2, 3",해당없음(진로선택형),거점학교(강당),,진로선택형,False,배드민턴기초,배드민턴기초,기타,대전산업정보고
2025_1st,대전산업정보고,진로선택형,스위트홈 카페 레시피,비교과,기타,,"1, 2, 3",해당없음(진로선택형),거점학교(바리스타실),,진로선택형,False,스위트홈카페레시피,스위트홈카페레시피,기타,대전산업정보고
2025_1st,대전산업정보고,진로선택형,실용 보컬 및 연기,비교과,예체능,,"1, 2, 3",해당없음(진로선택형),거점학교(앙상블실),,진로선택형,False,실용보컬및연기,실용보컬및연기,예체능,대전산업정보고
2025_1st,대전산업정보고,진로선택형,친환경 반도체 포토 공정 실습,비교과,기타,,"1, 2, 3",해당없음(진로선택형),거점학교(공정실),,진로선택형,False,친환경반도체포토공정실습,친환경반도체포토공정실습,자연·공학,대전산업정보고
2025_1st,대전산업정보고,진로선택형,파이썬을 활용한 데이터 사이언스,비교과,기타,,"2,3",해당없음(진로선택형),거점학교(제어실),,진로선택형,False,파이썬을활용한데이터사이언스,파이썬을활용한데이터사이언스,정보·AI,대전산업정보고
2025_1st,대전산업정보고,진로선택형,쉽고 빠르게 배우는 실전 헤어 기술,비교과,기타,,"1, 2, 3",해당없음(진로선택형),거점학교(실습실),,진로선택형,False,쉽고빠르게배우는실전헤어기술,쉽고빠르게배우는실전헤어기술,기타,대전산업정보고
2025_1st,대전산업정보고,진로선택형,생성형 AI 융합 스튜디오,비교과,기타,,"1, 2, 3",해당없음(진로선택형),거점학교(디자인실),,진로선택형,False,생성형AI융합스튜디오,생성형AI융합스튜디오,정보·AI,대전산업정보고
2025_1st,대전생활과학고,진로선택형,메이크업&네일아트,비교과,예체능,,"2, 3",해당없음(진로선택형),거점학교(실습실),,진로선택형,False,메이크업&네일아트,메이크업&네일아트,기타,대전생활과학고
2025_1st,대전생활과학고,진로선택형,슬기로운 농구생활,비교과,예체능,,"2, 3",해당없음(진로선택형),거점학교(강당),,진로선택형,False,슬기로운농구생활,슬기로운농구생활,기타,대전생활과학고
2025_1st,대전생활과학고,진로선택형,영화와 함께 하는 역사 탐구,비교과,사회과학,,"2, 3",해당없음(진로선택형),거점학교(2-8),,진로선택형,False,영화와함께하는역사탐구,영화와함께하는역사탐구,인문·사회,대전생활과학고
2025_1st,대전생활과학고,진로선택형,영화철학 드라이브,비교과,사회과학,,"2, 3",해당없음(진로선택형),거점학교(교실),,진로선택형,False,영화철학드라이브,영화철학드라이브,인문·사회,대전생활과학고
2025_1st,대전성모여고,온라인,국제경제,전문교과,전문교과Ⅰ,,"2,3",3,교실온닷,,온라인,True,국제경제,국제경제,인문·사회,대전성모여고
2025_1st,대전성모여고,온라인,현대세계의변화,전문교과,전문교과Ⅰ,,"2,3",3,교실온닷,,온라인,True,현대세계의변화,현대세계의변화,기타,대전성모여고
2025_1st,대전성모여고,오프라인,고급화학,전문교과,전문교과Ⅰ,,3,3,거점학교(화학실),,오프라인,False,고급화학,고급화학,자연·공학,대전성모여고
2025_1st,대전성모여고,오프라인,마케팅과 광고,전문교과,전문교과Ⅱ,,"2, 3",3,거점학교(3-6),,오프라인,False,마케팅과광고,마케팅과광고,기타,대전성모여고
2025_1st,대전성모여고,오프라인,물리학실험,전문교과,전문교과Ⅰ,,3,3,거점학교(물리실),,오프라인,False,물리학실험,물리학실험,자연·공학,대전성모여고
2025_1st,대전성모여고,오프라인,지구과학실험,전문교과,전문교과Ⅰ,,"2,3",2,거점학교(과학실),,오프라인,False,지구과학실험,지구과학실험,자연·공학,대전성모여고
2025_1st,대전성모여고,오프라인,고급생명과학,전문교과,전문교과Ⅰ,,3,3,거점학교(실험실),,오프라인,False,고급생명과학,고급생명과학,자연·공학,대전성모여고
2025_1st,대전성모여고,오프라인,음악전공실기,전문교과,전문교과Ⅰ,,"2,3",3,거점학교(음악실),,오프라인,False,음악전공실기,음악전공실기,예체능,대전성모여고
2025_1st,대전송촌고,오프라인,국제경제,전문교과,전문교과Ⅰ,,"2,3",3,거점학교(1-8),,오프라인,False,국제경제,국제경제,인문·사회,대전송촌고
2025_1st,대전송촌고,오프라인,심화수학Ⅰ,전문교과,전문교과Ⅰ,,"2,3",2,거점학교(수학실),,오프라인,False,심화수학1,심화수학1,자연·공학,대전송촌고
2025_1st,대전송촌고,오프라인,고급물리학,전문교과,전문교과Ⅰ,,3,3,거점학교(융합실),,오프라인,False,고급물리학,고급물리학,자연·공학,대전송촌고
2025_1st,대전송촌고,오프라인,물리학실험,전문교과,전문교과Ⅰ,,3,3,거점학교(과학실),,오프라인,False,물리학실험,물리학실험,자연·공학,대전송촌고
2025_1st,대전신일여자고,오프라인,인공지능기초,보통교과,생활·교양,,"2,3",2,거점학교(컴퓨터실),,오프라인,False,인공지능기초,인공지능기초,정보·AI,대전신일여자고
2025_1st,대전신일여자고,오프라인,창의경영,보통교과,생활·교양,,"2,3",2,거점학교(3학년3반),,오프라인,False,창의경영,창의경영,진로·융합,대전신일여자고
2025_1st,대전신일여자고,오프라인,철학,보통교과,생활·교양,,"2,3",2,거점학교(1학년 2반),,오프라인,False,철학,철학,인문·사회,대전신일여자고
2025_1st,대전신일여자고,오프라인,색채디자인,보통교과,체육·예술,,"2,3",2,거점학교(2학년 8반),,오프라인,False,색채디자인,색채디자인,예체능,대전신일여자고
2025_1st,대전신일여자고,오프라인,미술사,보통교과,체육·예술,,2,2,거점학교(1학년 9반),,오프라인,False,미술사,미술사,예체능,대전신일여자고
2025_1st,대전신일여자고,오프라인,기업과경영,보통교과,생활·교양,,"2,3",2,거점학교(2학년 4반),,오프라인,False,기업과경영,기업과경영,기타,대전신일여자고
2025_1st,대전신일여자고,진로선택형,크로스핏,비교과,예체능,,"2,3",해당없음(진로선택형),거점학교(운동장 및 강당),,진로선택형,False,크로스핏,크로스핏,기타,대전신일여자고
2025_1st,대전신일여자고,진로선택형,금융시장의 이해,비교과,사회과학,,2,해당없음(진로선택형),거점학교(1-5),,진로선택형,False,금융시장의이해,금융시장의이해,기타,대전신일여자고
2025_1st,대전신일여자고,진로선택형,현대 미술 연구,비교과,예체능,,"2,3",해당없음(진로선택형),거점학교(표현기법 실습실),,진로선택형,False,현대미술연구,현대미술연구,예체능,대전신일여자고
2025_1st,대전신일여자고,진로선택형,영상촬영과정,비교과,예체능,,"2,3",해당없음(진로선택형),거점학교(미디어 실습실),,진로선택형,False,영상촬영과정,영상촬영과정,기타,대전신일여자고
2025_1st,대전신일여자고,진로선택형,AI와 데이터분석-시각화,비교과,자연과학,,"2,3",해당없음(진로선택형),거점학교(컴퓨터실),,진로선택형,False,AI와데이터분석-시각화,AI와데이터분석-시각화,정보·AI,대전신일여자고
2025_1st,대전여자고,온라인,심화영어Ⅰ,전문교과,전문교과Ⅰ,,"2, 3",3,교실온닷,,온라인,True,심화영어1,심화영어1,제2외국어·국제,대전여자고
2025_1st,대전여자고,온라인,지식재산일반,보통교과,생활·교양,,"2, 3",2,교실온닷,,온라인,True,지식재산일반,지식재산일반,진로·융합,대전여자고
2025_1st,대전여자고,진로선택형,데이터과학과 기계학습,비교과,자연과학,,2,해당없음(진로선택형),거점학교 컴퓨터실,,진로선택형,False,데이터과학과기계,데이터과학과기계,정보·AI,대전여자고
2025_1st,대전여자고,진로선택형,배드민턴 중·고급반,비교과,예체능,,"1, 2",해당없음(진로선택형),거점학교 체육관,,진로선택형,False,배드민턴중·고급반,배드민턴중·고급반,기타,대전여자고
2025_1st,대전여자상업고,오프라인,인공지능수학,보통교과,기초,,2,2,거점학교(실습실),,오프라인,False,인공지능수학,인공지능수학,정보·AI,대전여자상업고
2025_1st,대전예술고,오프라인,연극,보통교과,체육·예술,,"2, 3",3,거점학교(실기실),,오프라인,False,연극,연극,예체능,대전예술고
2025_1st,대전예술고,진로선택형,현대 디자인의 이해와 실습,비교과,예체능,,"2, 3",해당없음(진로선택형),거점학교(디자인실),,진로선택형,False,현대디자인의이해와실습,현대디자인의이해와실습,예체능,대전예술고
2025_1st,대전외국어고,오프라인,국제경제,전문교과,전문교과Ⅰ,,"2,3",2,거점학교(DFLHSquare),,오프라인,False,국제경제,국제경제,인문·사회,대전외국어고
2025_1st,대전외국어고,오프라인,전공기초독일어,전문교과,전문교과Ⅰ,,"2,3",2,거점학교(Language center 1실),,오프라인,False,전공기초독일어,전공기초독일어,제2외국어·국제,대전외국어고
2025_1st,대전외국어고,오프라인,전공기초스페인어,전문교과,전문교과Ⅰ,,"2,3",2,거점학교(스페인어 회화실),,오프라인,False,전공기초스페인어,전공기초스페인어,제2외국어·국제,대전외국어고
2025_1st,대전외국어고,오프라인,전공기초프랑스어,전문교과,전문교과Ⅰ,,"2,3",2,거점학교(Language cernter 1실),,오프라인,False,전공기초프랑스어,전공기초프랑스어,제2외국어·국제,대전외국어고
2025_1st,대전외국어고,오프라인,스포츠경기실습,전문교과,전문교과Ⅰ,,"2,3",3,거점학교(강당),,오프라인,False,스포츠경기실습,스포츠경기실습,예체능,대전외국어고
2025_1st,대전이문고,오프라인,컴퓨터구조,전문교과,전문교과Ⅱ,,2,2,거점학교(컴퓨터실),,오프라인,False,컴퓨터구조,컴퓨터구조,기타,대전이문고
2025_1st,대전전민고,오프라인,지역이해,전문교과,전문교과Ⅰ,,"2,3",2,거점학교(3-5),,오프라인,False,지역이해,지역이해,제2외국어·국제,대전전민고
2025_1st,대전전민고,오프라인,교육학,보통교과,생활·교양,,"2,3",2,거점학교(3-3),,오프라인,False,교육학,교육학,인문·사회,대전전민고
2025_1st,대전전민고,오프라인,현대세계의변화,전문교과,전문교과Ⅰ,,"2,3",2,거점학교(수업나눔교실1-본관2층),,오프라인,False,현대세계의변화,현대세계의변화,기타,대전전민고
2025_1st,대전전민고,오프라인,고급화학,전문교과,전문교과Ⅰ,,"2,3",2,거점학교(3-9),,오프라인,False,고급화학,고급화학,자연·공학,대전전민고
2025_1st,대전전민고,진로선택형,의료탐구,비교과,자연과학,,"1,2,3",해당없음(진로선택형),거점학교(1-5),,진로선택형,False,의료탐구,의료탐구,진로·융합,대전전민고
2025_1st,대전전민고,진로선택형,minonette 운동학적 분석,비교과,예체능,,"1,2,3",해당없음(진로선택형),거점학교(강당),,진로선택형,False,minonette운동학적분석,minonette운동학적분석,예체능,대전전민고
2025_1st,대전제일고,오프라인,국제법,전문교과,전문교과Ⅰ,,"2, 3",3,거점학교(융합5C),,오프라인,False,국제법,국제법,제2외국어·국제,대전제일고
2025_1st,대전제일고,오프라인,체육탐구,보통교과,체육·예술,,2,3,거점학교(강당),,오프라인,False,체육탐구,체육탐구,예체능,대전제일고
2025_1st,대전제일고,진로선택형,미디어와 사회문화,비교과,사회과학,,"1, 2, 3",해당없음(진로선택형),거점학교(융합4A),,진로선택형,False,미디어와사회문화,미디어와사회문화,인문·사회,대전제일고
2025_1st,대전제일고,진로선택형,미술 속 경제학,비교과,사회과학,,"1, 2, 3",해당없음(진로선택형),거점학교(3-1),,진로선택형,False,미술속경제학,미술속경제학,인문·사회,대전제일고
2025_1st,대전제일고,진로선택형,서양사 속 진로 탐구,비교과,사회과학,,"1, 2, 3",해당없음(진로선택형),거점학교(융합4A),,진로선택형,False,서양사속진로탐구,서양사속진로탐구,진로·융합,대전제일고
2025_1st,대전제일고,진로선택형,영화로 보는 인문학 세상,비교과,인문(어문),,"1, 2, 3",해당없음(진로선택형),거점학교(융합6),,진로선택형,False,영화로보는인문학세상,영화로보는인문학세상,인문·사회,대전제일고
2025_1st,대전제일고,진로선택형,전쟁과 인간,비교과,사회과학,,"1, 2, 3",해당없음(진로선택형),거점학교(융합3A),,진로선택형,False,전쟁과인간,전쟁과인간,기타,대전제일고
2025_1st,대전중앙고,온라인,교육학,보통교과,생활·교양,,3,2,교실온닷,,온라인,True,교육학,교육학,인문·사회,대전중앙고
2025_1st,대전중앙고,오프라인,인공지능수학,보통교과,기초,,2,2,거점학교(도담터),,오프라인,False,인공지능수학,인공지능수학,정보·AI,대전중앙고
2025_1st,대전중앙고,오프라인,환경,보통교과,생활·교양,,2,2,거점학교(2-5교실),,오프라인,False,환경,환경,자연·공학,대전중앙고
2025_1st,대전중앙고,오프라인,국제법,전문교과,전문교과Ⅰ,,3,2,거점학교(3-2교실),,오프라인,False,국제법,국제법,제2외국어·국제,대전중앙고
2025_1st,대전중앙고,오프라인,국제경제,전문교과,전문교과Ⅰ,,2,2,거점학교(2-1교실),,오프라인,False,국제경제,국제경제,인문·사회,대전중앙고
2025_1st,대전중앙고,오프라인,물리학실험,전문교과,전문교과Ⅰ,,3,3,거점학교(물리지구과학실),,오프라인,False,물리학실험,물리학실험,자연·공학,대전중앙고
2025_1st,대전중앙고,오프라인,지구과학실험,전문교과,전문교과Ⅰ,,3,2,거점학교(물리지구과학실),,오프라인,False,지구과학실험,지구과학실험,자연·공학,대전중앙고
2025_1st,대전중앙고,오프라인,생명과학실험,전문교과,전문교과Ⅰ,,"2,3",2,거점학교(화학생물실험실),,오프라인,False,생명과학실험,생명과학실험,자연·공학,대전중앙고
2025_1st,대전중앙고,진로선택형,한번에 정리하는 한·중 근현대사 이야기,비교과,사회과학,,"1,2,3",해당없음(진로선택형),거점학교(2-3교실),,진로선택형,False,한번에정리하는한·중근현대사이야기,한번에정리하는한·중근현대사이야기,기타,대전중앙고
2025_1st,대전지족고,오프라인,고급수학Ⅰ,전문교과,전문교과Ⅰ,,3,2,거점학교(3-1),,오프라인,False,고급수학1,고급수학1,자연·공학,대전지족고
2025_1st,대전지족고,오프라인,고급생명과학,전문교과,전문교과Ⅰ,,3,2,거점학교(3-9),,오프라인,False,고급생명과학,고급생명과학,자연·공학,대전지족고
2025_1st,대전지족고,진로선택형,트랜드 드로잉 실습,비교과,예체능,,"1,2",해당없음(진로선택형),거점학교(미술실),,진로선택형,False,트랜드드로잉실습,트랜드드로잉실습,예체능,대전지족고
2025_1st,대전한빛고,오프라인,고급수학Ⅰ,전문교과,전문교과Ⅰ,,3,2,거점학교(진로활동실),,오프라인,False,고급수학1,고급수학1,자연·공학,대전한빛고
2025_1st,대전한빛고,오프라인,고전문학감상,전문교과,전문교과Ⅰ,,"2,3",2,거점학교(융합교과실),,오프라인,False,고전문학감상,고전문학감상,인문·사회,대전한빛고
2025_1st,대전한빛고,오프라인,국제경제,전문교과,전문교과Ⅰ,,"2,3",2,거점학교(선택교과실),,오프라인,False,국제경제,국제경제,인문·사회,대전한빛고
2025_1st,대전한빛고,오프라인,미술전공실기,전문교과,전문교과Ⅰ,,"2,3",2,거점학교(미술실),,오프라인,False,미술전공실기,미술전공실기,예체능,대전한빛고
2025_1st,대전한빛고,오프라인,지구과학실험,전문교과,전문교과Ⅰ,,2,2,거점학교(진로활동실),,오프라인,False,지구과학실험,지구과학실험,자연·공학,대전한빛고
2025_1st,대전한빛고,오프라인,세계사,보통교과,탐구,,"2,3",3,거점학교(화학지구실),,오프라인,False,세계사,세계사,인문·사회,대전한빛고
2025_1st,동대전고,온라인,고급화학,전문교과,전문교과Ⅰ,,3,3,교실온닷,,온라인,True,고급화학,고급화학,자연·공학,동대전고
2025_1st,동방고,오프라인,고급물리학,전문교과,전문교과Ⅰ,,3,2,거점학교(물리실험실),,오프라인,False,고급물리학,고급물리학,자연·공학,동방고
2025_1st,동방고,오프라인,고급화학,전문교과,전문교과Ⅰ,,"2,3",2,거점학교(화학실험실),,오프라인,False,고급화학,고급화학,자연·공학,동방고
2025_1st,동방고,오프라인,교육학,보통교과,생활·교양,,2,2,거점학교(국제사회실),,오프라인,False,교육학,교육학,인문·사회,동방고
2025_1st,동방고,오프라인,국제정치,전문교과,전문교과Ⅰ,,"2,3",2,거점학교(주제토론실),,오프라인,False,국제정치,국제정치,인문·사회,동방고
2025_1st,동방고,오프라인,심화수학Ⅰ,전문교과,전문교과Ⅰ,,"2,3",2,거점학교(원탁토의실),,오프라인,False,심화수학1,심화수학1,자연·공학,동방고
2025_1st,명석고,온라인,교육학,보통교과,생활·교양,,2,2,교실온닷,,온라인,True,교육학,교육학,인문·사회,명석고
2025_1st,명석고,온라인,진로영어,보통교과,기초,,2,3,교실온닷,,온라인,True,진로영어,진로영어,제2외국어·국제,명석고
2025_1st,명석고,온라인,국제법,전문교과,전문교과Ⅰ,,"2,3",3,교실온닷,,온라인,True,국제법,국제법,제2외국어·국제,명석고
2025_1st,명석고,온라인,심화영어독해Ⅰ,전문교과,전문교과Ⅰ,,3,3,교실온닷,,온라인,True,심화영어독해1,심화영어독해1,제2외국어·국제,명석고
2025_1st,명석고,오프라인,고급물리학,전문교과,전문교과Ⅰ,,2,2,거점학교(과학실B),,오프라인,False,고급물리학,고급물리학,자연·공학,명석고
2025_1st,명석고,오프라인,융합과학탐구,전문교과,전문교과Ⅰ,,2,2,거점학교(과학실B),,오프라인,False,융합과학탐구,융합과학탐구,자연·공학,명석고
2025_1st,명석고,오프라인,드로잉,전문교과,전문교과Ⅰ,,"2,3",2,거점학교(미술실),,오프라인,False,드로잉,드로잉,예체능,명석고
2025_1st,명석고,진로선택형,노래로 배우는 일본어,비교과,기타,,"1,2,3",해당없음(진로선택형),거점학교(2-7교실),,진로선택형,False,노래로배우는일본어,노래로배우는일본어,제2외국어·국제,명석고
2025_1st,명석고,진로선택형,유능제강 유도반,비교과,기타,,"1,2",해당없음(진로선택형),거점학교(유도실),,진로선택형,False,유능제강유도반,유능제강유도반,기타,명석고
2025_1st,보문고,오프라인,융합과학탐구,전문교과,전문교과Ⅰ,,2,3,거점학교(지구물리실),,오프라인,False,융합과학탐구,융합과학탐구,자연·공학,보문고
2025_1st,보문고,오프라인,고급물리학,전문교과,전문교과Ⅰ,,3,2,거점학교(지구물리실),,오프라인,False,고급물리학,고급물리학,자연·공학,보문고
2025_1st,보문고,오프라인,고급생명과학,전문교과,전문교과Ⅰ,,3,2,거점학교(화학생명실),,오프라인,False,고급생명과학,고급생명과학,자연·공학,보문고
2025_1st,보문고,오프라인,화학실험,전문교과,전문교과Ⅰ,,3,2,거점학교(화학생명실),,오프라인,False,화학실험,화학실험,자연·공학,보문고
2025_1st,서대전고,온라인,경제,보통교과,탐구,,2,3,교실온닷,,온라인,True,경제,경제,인문·사회,서대전고
2025_1st,서대전고,온라인,시창작,전문교과,전문교과Ⅰ,,"2, 3",2,교실온닷,,온라인,True,시창작,시창작,예체능,서대전고
2025_1st,서대전고,오프라인,고전과윤리,보통교과,탐구,,"2, 3",2,거점학교(교실),,오프라인,False,고전과윤리,고전과윤리,인문·사회,서대전고
2025_1st,서대전고,오프라인,입체조형,전문교과,전문교과Ⅰ,,"2, 3",2,거점학교(미술실),,오프라인,False,입체조형,입체조형,예체능,서대전고
2025_1st,서대전고,오프라인,철학,보통교과,생활·교양,,"2, 3",2,거점학교(교실),,오프라인,False,철학,철학,인문·사회,서대전고
2025_1st,서대전여고,오프라인,고급화학,전문교과,전문교과Ⅰ,,3,2,거점학교(화학실),,오프라인,False,고급화학,고급화학,자연·공학,서대전여고
2025_1st,서대전여고,오프라인,정치와법 ,보통교과,탐구,,2,2,거점학교(공용교실1),,오프라인,False,정치와법,정치와법,인문·사회,서대전여고
2025_1st,서일고,오프라인,지구과학실험,전문교과,전문교과Ⅰ,,"2,3",3,거점학교(수리탐구실,,오프라인,False,지구과학실험,지구과학실험,자연·공학,서일고
2025_1st,서일고,오프라인,심화수학Ⅰ,전문교과,전문교과Ⅰ,,2,2,거점학교(컨퍼런스룸),,오프라인,False,심화수학1,심화수학1,자연·공학,서일고
2025_1st,서일고,오프라인,인공지능수학,보통교과,기초,,"2,3",2,거점학교(IMC실),,오프라인,False,인공지능수학,인공지능수학,정보·AI,서일고
2025_1st,서일고,오프라인,생명과학실험,전문교과,전문교과Ⅰ,,2,2,거점학교(메덴&모건실),,오프라인,False,생명과학실험,생명과학실험,자연·공학,서일고
2025_1st,서일고,오프라인,드로잉,전문교과,전문교과Ⅰ,,"2,3",2,거점학교(르네상스실),,오프라인,False,드로잉,드로잉,예체능,서일고
2025_1st,서일고,오프라인,세계문제와미래사회,전문교과,전문교과Ⅰ,,2,2,거점학교(인문학 토론실),,오프라인,False,세계문제와미래사회,세계문제와미래사회,인문·사회,서일고
2025_1st,서일여자고,온라인,사회탐구방법,전문교과,전문교과Ⅰ,,"2, 3",2,교실온닷,,온라인,True,사회탐구방법,사회탐구방법,인문·사회,서일여자고
2025_1st,서일여자고,오프라인,심화수학Ⅰ,전문교과,전문교과Ⅰ,,"2, 3",2,거점학교(토의토론실),,오프라인,False,심화수학1,심화수학1,자연·공학,서일여자고
2025_1st,서일여자고,오프라인,고급수학Ⅰ,전문교과,전문교과Ⅰ,,"2, 3",2,거점학교(토의토론실),,오프라인,False,고급수학1,고급수학1,자연·공학,서일여자고
2025_1st,서일여자고,오프라인,물리학실험,전문교과,전문교과Ⅰ,,3,2,거점학교(지능형과학실),,오프라인,False,물리학실험,물리학실험,자연·공학,서일여자고
2025_1st,서일여자고,오프라인,인공지능수학,보통교과,기초,,"2, 3",2,거점학교(수업나눔실),,오프라인,False,인공지능수학,인공지능수학,정보·AI,서일여자고
2025_1st,서일여자고,오프라인,한국사회의이해,전문교과,전문교과Ⅰ,,3,2,거점학교(진로탐색실),,오프라인,False,한국사회의이해,한국사회의이해,인문·사회,서일여자고
2025_1st,서일여자고,오프라인,현대세계의변화,전문교과,전문교과Ⅰ,,"2, 3",2,거점학교(문제해결실),,오프라인,False,현대세계의변화,현대세계의변화,기타,서일여자고
2025_1st,신탄진고,오프라인,체육전공실기기초,전문교과,전문교과Ⅰ,,"2, 3",3,거점학교(강당),,오프라인,False,체육전공실기기초,체육전공실기기초,예체능,신탄진고
2025_1st,신탄진고,진로선택형,배드민턴과 탁구의 실제,비교과,예체능,,"1, 2, 3",해당없음(진로선택형),거점학교(강당),,진로선택형,False,배드민턴과탁구의실제,배드민턴과탁구의실제,기타,신탄진고
2025_1st,신탄진고,진로선택형,풋살학개론,비교과,예체능,,"1, 2, 3",해당없음(진로선택형),거점학교(풋살장),,진로선택형,False,풋살학개론,풋살학개론,기타,신탄진고
2025_1st,우송고,오프라인,고급물리학,전문교과,전문교과Ⅰ,,"2, 3",3,거점학교(305호),,오프라인,False,고급물리학,고급물리학,자연·공학,우송고
2025_1st,우송고,오프라인,고급수학Ⅰ,전문교과,전문교과Ⅰ,,3,2,거점학교(210호),,오프라인,False,고급수학1,고급수학1,자연·공학,우송고
2025_1st,우송고,오프라인,고급화학,전문교과,전문교과Ⅰ,,3,2,거점학교(205호),,오프라인,False,고급화학,고급화학,자연·공학,우송고
2025_1st,우송고,오프라인,교육학,보통교과,생활·교양,,"2, 3",2,거점학교(202호),,오프라인,False,교육학,교육학,인문·사회,우송고
2025_1st,우송고,오프라인,생명과학실험,전문교과,전문교과Ⅰ,,3,2,거점학교(313호),,오프라인,False,생명과학실험,생명과학실험,자연·공학,우송고
2025_1st,우송고,오프라인,지역이해,전문교과,전문교과Ⅰ,,"2, 3",2,거점학교(311호),,오프라인,False,지역이해,지역이해,제2외국어·국제,우송고
2025_1st,유성고,오프라인,고급생명과학A,전문교과,전문교과Ⅰ,,3,2,"거점학교(생물실, 2학년교실)",,오프라인,False,고급생명과학,고급생명과학,자연·공학,유성고
2025_1st,유성고,오프라인,고급생명과학B,전문교과,전문교과Ⅰ,,3,2,"거점학교(생물실, 2학년교실)",,오프라인,False,고급생명과학,고급생명과학,자연·공학,유성고
2025_1st,유성고,오프라인,스포츠경기체력,전문교과,전문교과Ⅰ,,"2, 3",2,거점학교(체육관),,오프라인,False,스포츠경기체력,스포츠경기체력,예체능,유성고
2025_1st,유성고,오프라인,체육전공실기기초,전문교과,전문교과Ⅰ,,"2, 3",2,거점학교(체육관),,오프라인,False,체육전공실기기초,체육전공실기기초,예체능,유성고
2025_1st,유성생명과학고,진로선택형,세계 여행으로 배우는 역사,비교과,사회과학,,"1, 2",해당없음(진로선택형),거점학교(1-1),,진로선택형,False,세계여행으로배우는역사,세계여행으로배우는역사,인문·사회,유성생명과학고
2025_1st,유성생명과학고,진로선택형,조리과학 이해와 실험조리 실습,비교과,기타,,"2, 3",해당없음(진로선택형),거점학교(조리실습실),,진로선택형,False,조리과학이해와실험조리실습,조리과학이해와실험조리실습,자연·공학,유성생명과학고
2025_1st,유성생명과학고,진로선택형,베이킹 기초,비교과,기타,,"1, 2, 3",해당없음(진로선택형),거점학교(제과실습실),,진로선택형,False,베이킹기초,베이킹기초,기타,유성생명과학고
2025_1st,유성생명과학고,진로선택형,네일 살롱 아트,비교과,기타,,"1, 2, 3",해당없음(진로선택형),거점학교(네일메이크업실),,진로선택형,False,네일살롱아트,네일살롱아트,기타,유성생명과학고
2025_1st,유성생명과학고,진로선택형,SNS속 유명 디저트 따라잡기,비교과,기타,,"1, 2, 3",해당없음(진로선택형),거점학교(제과실습실),,진로선택형,False,SNS속유명디저트따라잡기,SNS속유명디저트따라잡기,기타,유성생명과학고
2025_1st,유성생명과학고,진로선택형,제빵기초반,비교과,기타,,"2, 3",해당없음(진로선택형),거점학교(제빵실습실),,진로선택형,False,제빵기초반,제빵기초반,기타,유성생명과학고
2025_1st,유성여자고,온라인,문학개론,전문교과,전문교과Ⅰ,,2,2,교실온닷,,온라인,True,문학개론,문학개론,인문·사회,유성여자고
2025_1st,유성여자고,온라인,과학과제연구,전문교과,전문교과Ⅰ,,2,2,교실온닷,,온라인,True,과학과제연구,과학과제연구,자연·공학,유성여자고
2025_1st,유성여자고,온라인,융합과학탐구,전문교과,전문교과Ⅰ,,2,2,교실온닷,,온라인,True,융합과학탐구,융합과학탐구,자연·공학,유성여자고
2025_1st,유성여자고,오프라인,고급생명과학,전문교과,전문교과Ⅰ,,3,2,거점학교(생명과학실),,오프라인,False,고급생명과학,고급생명과학,자연·공학,유성여자고
2025_1st,유성여자고,진로선택형,즐거운 피클볼,비교과,예체능,,"1,2,3",해당없음(진로선택형),거점학교(체육관),,진로선택형,False,즐거운피클볼,즐거운피클볼,기타,유성여자고
2025_1st,중일고,오프라인,고전문학감상,전문교과,전문교과Ⅰ,,"2, 3",2,거점학교(국어실),,오프라인,False,고전문학감상,고전문학감상,인문·사회,중일고
2025_1st,중일고,오프라인,문학개론,전문교과,전문교과Ⅰ,,"2, 3",2,거점학교(국어실),,오프라인,False,문학개론,문학개론,인문·사회,중일고
2025_1st,중일고,오프라인,심화수학Ⅰ,전문교과,전문교과Ⅰ,,"2, 3",2,거점학교(수학실),,오프라인,False,심화수학1,심화수학1,자연·공학,중일고
2025_1st,중일고,오프라인,인공지능수학,보통교과,기초,,"2, 3",2,거점학교(수학실),,오프라인,False,인공지능수학,인공지능수학,정보·AI,중일고
2025_1st,중일고,오프라인,과학과제연구,전문교과,전문교과Ⅰ,,"2, 3",2,거점학교(융합과학실),,오프라인,False,과학과제연구,과학과제연구,자연·공학,중일고
2025_1st,중일고,오프라인,고급생명과학,전문교과,전문교과Ⅰ,,"2, 3",2,거점학교(생명과학실),,오프라인,False,고급생명과학,고급생명과학,자연·공학,중일고
2025_1st,중일고,오프라인,고급물리학,전문교과,전문교과Ⅰ,,3,2,거점학교(생명과학실),,오프라인,False,고급물리학,고급물리학,자연·공학,중일고
2025_1st,청란여고,오프라인,국제관계와국제기구,전문교과,전문교과Ⅰ,,2,2,거점학교(커리어존),,오프라인,False,국제관계와국제기구,국제관계와국제기구,제2외국어·국제,청란여고
2025_1st,청란여고,오프라인,화학실험,전문교과,전문교과Ⅰ,,3,2,거점학교(과학실),,오프라인,False,화학실험,화학실험,자연·공학,청란여고
2025_1st,충남고,오프라인,인공지능수학A,보통교과,기초,,2,2,거점학교(2-1),,오프라인,False,인공지능수학,인공지능수학,정보·AI,충남고
2025_1st,충남고,오프라인,인공지능수학B,보통교과,기초,,3,2,거점학교(2-1),,오프라인,False,인공지능수학,인공지능수학,정보·AI,충남고
2025_1st,충남고,오프라인,국제경제,전문교과,전문교과Ⅰ,,"2, 3",2,거점학교(3-1),,오프라인,False,국제경제,국제경제,인문·사회,충남고
2025_1st,충남고,오프라인,탐구 기반 영어 글쓰기,고시_외,고시_외,,"2, 3",2,거점학교(탐구3C실),,오프라인,False,탐구기반영어글쓰기,탐구기반영어글쓰기,제2외국어·국제,충남고
2025_1st,충남고,오프라인,과학과제연구A,전문교과,전문교과Ⅰ,,"2, 3",2,거점학교(지구과학실),,오프라인,False,과학과제연구,과학과제연구,자연·공학,충남고
2025_1st,충남고,오프라인,과학과제연구B,전문교과,전문교과Ⅰ,,"2, 3",2,거점학교(생명과학실),,오프라인,False,과학과제연구,과학과제연구,자연·공학,충남고
2025_1st,충남고,오프라인,물리학실험,전문교과,전문교과Ⅰ,,3,2,거점학교(물리실),,오프라인,False,물리학실험,물리학실험,자연·공학,충남고
2025_1st,충남고,오프라인,고급화학A,전문교과,전문교과Ⅰ,,3,2,거점학교(3-12),,오프라인,False,고급화학,고급화학,자연·공학,충남고
2025_1st,충남고,오프라인,고급화학B,전문교과,전문교과Ⅰ,,3,2,거점학교(3-12),,오프라인,False,고급화학,고급화학,자연·공학,충남고
2025_1st,충남고,오프라인,화학실험,전문교과,전문교과Ⅰ,,3,2,거점학교(화학실),,오프라인,False,화학실험,화학실험,자연·공학,충남고
2025_1st,충남기계공업고,오프라인,국제경제,전문교과,전문교과Ⅰ,,"2, 3",3,거점학교(2-5),,오프라인,False,국제경제,국제경제,인문·사회,충남기계공업고
2025_1st,충남기계공업고,진로선택형,3D프린팅 크리에이터,비교과,자연과학,,"1, 2, 3",해당없음(진로선택형),거점학교(방산프로젝트실),,진로선택형,False,3D프린팅크리에이터,3D프린팅크리에이터,기타,충남기계공업고
2025_1st,충남기계공업고,진로선택형,3D모델링+3D프린터,비교과,자연과학,,"1, 2, 3",해당없음(진로선택형),거점학교(발명교육센터),,진로선택형,False,3D모델링+3D프린터,3D모델링+3D프린터,기타,충남기계공업고
2025_1st,충남기계공업고,진로선택형,용접 조형물,비교과,기타,,"1, 2, 3",해당없음(진로선택형),거점학교(용접실),,진로선택형,False,용접조형물,용접조형물,기타,충남기계공업고
2025_1st,충남여자고,오프라인,보건,보통교과,생활·교양,,2,2,거점학교(1-10),,오프라인,False,보건,보건,진로·융합,충남여자고
2025_1st,충남여자고,오프라인,화학실험,전문교과,전문교과Ⅰ,,2,2,거점학교(과학실),,오프라인,False,화학실험,화학실험,자연·공학,충남여자고
2025_1st,충남여자고,오프라인,고급화학,전문교과,전문교과Ⅰ,,3,2,거점학교(1-10),,오프라인,False,고급화학,고급화학,자연·공학,충남여자고
2025_1st,충남여자고,오프라인,한국사회의이해,전문교과,전문교과Ⅰ,,2,2,거점학교(1-10),,오프라인,False,한국사회의이해,한국사회의이해,인문·사회,충남여자고
2025_1st,충남여자고,오프라인,인공지능과피지컬컴퓨팅,고시_외,고시_외,,2,2,거점학교(컴퓨터실),,오프라인,False,인공지능과피지컬컴퓨팅,인공지능과피지컬컴퓨팅,정보·AI,충남여자고
2025_1st,한밭고,오프라인,고급물리학,전문교과,전문교과Ⅰ,,3,2,거점학교(3-4),,오프라인,False,고급물리학,고급물리학,자연·공학,한밭고
2025_1st,호수돈여자고,오프라인,고급수학Ⅰ,전문교과,전문교과Ⅰ,,3,2,거점학교(창의2실),,오프라인,False,고급수학1,고급수학1,자연·공학,호수돈여자고
2025_1st,호수돈여자고,오프라인,인공지능수학,보통교과,기초,,"2,3",2,거점학교(창의2실),,오프라인,False,인공지능수학,인공지능수학,정보·AI,호수돈여자고
2025_1st,호수돈여자고,오프라인,경제,보통교과,탐구,,2,3,거점학교(창의2실),,오프라인,False,경제,경제,인문·사회,호수돈여자고
2025_1st,호수돈여자고,오프라인,고급물리학,전문교과,전문교과Ⅰ,,3,2,거점학교(과학실),,오프라인,False,고급물리학,고급물리학,자연·공학,호수돈여자고
2025_1st,호수돈여자고,진로선택형,발달심리학,비교과,생활·교양,,"1,2,3",해당없음(진로선택형),거점학교(과학실),,진로선택형,False,발달심리학,발달심리학,인문·사회,호수돈여자고
2025_1st,호수돈여자고,진로선택형,영화속생명과학,비교과,생활·교양,,1,해당없음(진로선택형),거점학교(과학실),,진로선택형,False,영화속생명과학,영화속생명과학,자연·공학,호수돈여자고
2025_2nd,남대전고,오프라인,경제,보통교과,탐구,,2,3,,,오프라인,False,경제,경제,인문·사회,남대전고
2025_2nd,남대전고,오프라인,세계문제와미래사회,전문교과,전문교과Ⅰ,,2,3,,,오프라인,False,세계문제와미래사회,세계문제와미래사회,인문·사회,남대전고
2025_2nd,남대전고,오프라인,실용통계,고시_외,고시_외,,2,3,,,오프라인,False,실용통계,실용통계,기타,남대전고
2025_2nd,남대전고,오프라인,심화수학Ⅱ,전문교과,전문교과Ⅰ,,2,2,,,오프라인,False,심화수학2,심화수학2,자연·공학,남대전고
2025_2nd,남대전고,오프라인,연극의이해,전문교과,전문교과Ⅰ,,2,2,,,오프라인,False,연극의이해,연극의이해,예체능,남대전고
2025_2nd,남대전고,오프라인,인공지능교과탐구,고시_외,고시_외,,1,2,,,오프라인,False,인공지능교과탐구,인공지능교과탐구,정보·AI,남대전고
2025_2nd,남대전고,오프라인,자동차일반,전문교과,전문교과Ⅱ,,1,3,,,오프라인,False,자동차일반,자동차일반,진로·융합,남대전고
2025_2nd,남대전고,진로선택형,나만의이모티콘과굿즈만들기,비교과,예체능,,"1,2",해당없음(진로선택형),,,진로선택형,False,나만의이모티콘과굿즈만들기,나만의이모티콘과굿즈만들기,기타,남대전고
2025_2nd,남대전고,진로선택형,통계를활용한사회문제분석,비교과,사회과학,,"1,2",해당없음(진로선택형),,,진로선택형,False,통계를활용한사회문제분석,통계를활용한사회문제분석,인문·사회,남대전고
2025_2nd,대덕고,오프라인,생명과학실험A,전문교과,전문교과Ⅰ,,2,2,,,오프라인,False,생명과학실험,생명과학실험,자연·공학,대덕고
2025_2nd,대덕고,오프라인,생명과학실험B,전문교과,전문교과Ⅰ,,2,2,,,오프라인,False,생명과학실험,생명과학실험,자연·공학,대덕고
2025_2nd,대전가오고,오프라인,물리학실험,전문교과,전문교과Ⅰ,,2,2,,,오프라인,False,물리학실험,물리학실험,자연·공학,대전가오고
2025_2nd,대전가오고,오프라인,고급생명과학,전문교과,전문교과Ⅰ,,2,2,,,오프라인,False,고급생명과학,고급생명과학,자연·공학,대전가오고
2025_2nd,대전고,온라인,문학과매체,전문교과,전문교과Ⅰ,,2,2,,,온라인,True,문학과매체,문학과매체,인문·사회,대전고
2025_2nd,대전고,오프라인,한문고전읽기,보통교과,생활·교양,,1,2,,,오프라인,False,한문고전읽기,한문고전읽기,인문·사회,대전고
2025_2nd,대전고,오프라인,국제정치,전문교과,전문교과Ⅰ,,2,2,,,오프라인,False,국제정치,국제정치,인문·사회,대전고
2025_2nd,대전고,오프라인,환경,보통교과,생활·교양,,2,2,,,오프라인,False,환경,환경,자연·공학,대전고
2025_2nd,대전관저고등학교,오프라인,고급화학,전문교과,전문교과Ⅰ,,2,2,,,오프라인,False,고급화학,고급화학,자연·공학,대전관저고
2025_2nd,대전관저고등학교,오프라인,물리학실험,전문교과,전문교과Ⅰ,,2,2,,,오프라인,False,물리학실험,물리학실험,자연·공학,대전관저고
2025_2nd,대전구봉고등학교,오프라인,화학실험,전문교과,전문교과Ⅰ,,2,2,,,오프라인,False,화학실험,화학실험,자연·공학,대전구봉고
2025_2nd,대전구봉고등학교,오프라인,지구과학실험A,전문교과,전문교과Ⅰ,,2,2,,,오프라인,False,지구과학실험,지구과학실험,자연·공학,대전구봉고
2025_2nd,대전구봉고등학교,오프라인,지구과학실험B,전문교과,전문교과Ⅰ,,2,2,,,오프라인,False,지구과학실험,지구과학실험,자연·공학,대전구봉고
2025_2nd,대전구봉고등학교,오프라인,생명과학실험,전문교과,전문교과Ⅰ,,2,2,,,오프라인,False,생명과학실험,생명과학실험,자연·공학,대전구봉고
2025_2nd,대전괴정고,오프라인,철학,보통교과,생활·교양,,2,2,,,오프라인,False,철학,철학,인문·사회,대전괴정고
2025_2nd,대전괴정고,진로선택형,배구블로킹손맛좀느껴볼까!,비교과,예체능,,"1,2,3",해당없음(진로선택형),,,진로선택형,False,배구블로킹손맛좀느껴볼까!,배구블로킹손맛좀느껴볼까!,기타,대전괴정고
2025_2nd,대전국제통상고,진로선택형,광고영상만들기,비교과,예체능,,"1,2,3",해당없음(진로선택형),,,진로선택형,False,광고영상만들기,광고영상만들기,기타,대전국제통상고
2025_2nd,대전국제통상고,진로선택형,단편영화제작,비교과,예체능,,"1,2,3",해당없음(진로선택형),,,진로선택형,False,단편영화제작,단편영화제작,예체능,대전국제통상고
2025_2nd,대전국제통상고,진로선택형,디저트메이커,비교과,기타,,"1,2,3",해당없음(진로선택형),,,진로선택형,False,디저트메이커,디저트메이커,기타,대전국제통상고
2025_2nd,대전국제통상고,진로선택형,맛있는세계여행,비교과,기타,,"1,2,3",해당없음(진로선택형),,,진로선택형,False,맛있는세계여행,맛있는세계여행,기타,대전국제통상고
2025_2nd,대전국제통상고,진로선택형,요리하는셰프그램,비교과,기타,,"1,2,3",해당없음(진로선택형),,,진로선택형,False,요리하는셰프그램,요리하는셰프그램,기타,대전국제통상고
2025_2nd,대전국제통상고,진로선택형,케이크길라잡이,비교과,기타,,"1,2,3",해당없음(진로선택형),,,진로선택형,False,케이크길라잡이,케이크길라잡이,기타,대전국제통상고
2025_2nd,대전국제통상고,진로선택형,헤어커트의기초,비교과,기타,,"1,2,3",해당없음(진로선택형),,,진로선택형,False,헤어커트의기초,헤어커트의기초,기타,대전국제통상고
2025_2nd,대전노은고,오프라인,국제경제,전문교과,전문교과Ⅰ,,2,2,,,오프라인,False,국제경제,국제경제,인문·사회,대전노은고
2025_2nd,대전노은고,오프라인,물리학실험,전문교과,전문교과Ⅰ,,2,2,,,오프라인,False,물리학실험,물리학실험,자연·공학,대전노은고
2025_2nd,대전노은고,진로선택형,배드민턴게임반(상급),비교과,예체능,,"1, 2, 3",해당없음(진로선택형),,,진로선택형,False,배드민턴게임반,배드민턴게임반,기타,대전노은고
2025_2nd,대전대성고,오프라인,고급지구과학,전문교과,전문교과Ⅰ,,2,2,,,오프라인,False,고급지구과학,고급지구과학,자연·공학,대전대성고
2025_2nd,대전대성고,오프라인,공학일반,보통교과,생활·교양,,2,2,,,오프라인,False,공학일반,공학일반,자연·공학,대전대성고
2025_2nd,대전대성고,오프라인,수학적사고와벡터,고시_외,고시_외,,2,2,,,오프라인,False,수학적사고와벡터,수학적사고와벡터,자연·공학,대전대성고
2025_2nd,대전대성고,오프라인,융합과학탐구,전문교과,전문교과Ⅰ,,2,2,,,오프라인,False,융합과학탐구,융합과학탐구,자연·공학,대전대성고
2025_2nd,대전대성고,오프라인,인공지능수학,보통교과,기초,,2,2,,,오프라인,False,인공지능수학,인공지능수학,정보·AI,대전대성고
2025_2nd,대전대성고,오프라인,일본어회화Ⅰ,전문교과,전문교과Ⅰ,,2,2,,,오프라인,False,일본어회화1,일본어회화1,제2외국어·국제,대전대성고
2025_2nd,대전대성고,오프라인,일본어Ⅰ,보통교과,생활·교양,,2,3,,,오프라인,False,일본어1,일본어1,제2외국어·국제,대전대성고
2025_2nd,대전대성고,오프라인,화학실험,전문교과,전문교과Ⅰ,,2,2,,,오프라인,False,화학실험,화학실험,자연·공학,대전대성고
2025_2nd,대전대성고,진로선택형,정수야놀자(정수론입문),비교과,기타,,"1,2",해당없음(진로선택형),,,진로선택형,False,정수야놀자,정수야놀자,기타,대전대성고
2025_2nd,대전대신고,온라인,고전과윤리,보통교과,탐구,,2,3,,,온라인,True,고전과윤리,고전과윤리,인문·사회,대전대신고
2025_2nd,대전대신고,온라인,문학개론,전문교과,전문교과Ⅰ,,2,3,,,온라인,True,문학개론,문학개론,인문·사회,대전대신고
2025_2nd,대전대신고,온라인,세계문제와미래사회,전문교과,전문교과Ⅰ,,2,3,,,온라인,True,세계문제와미래사회,세계문제와미래사회,인문·사회,대전대신고
2025_2nd,대전대신고,온라인,정보과학,전문교과,전문교과Ⅰ,,2,3,,,온라인,True,정보과학,정보과학,정보·AI,대전대신고
2025_2nd,대전대신고,온라인,지역이해,전문교과,전문교과Ⅰ,,2,3,,,온라인,True,지역이해,지역이해,제2외국어·국제,대전대신고
2025_2nd,대전대신고,온라인,인공지능을위한이산수학,고시_외,고시_외,,2,3,,,온라인,True,인공지능을위한이산수학,인공지능을위한이산수학,정보·AI,대전대신고
2025_2nd,대전대신고,진로선택형,사진잘찍는법,비교과,예체능,,2,해당없음(진로선택형),,,진로선택형,False,사진잘찍는법,사진잘찍는법,기타,대전대신고
2025_2nd,대전대신고,진로선택형,영화속역사,비교과,사회과학,,"1,2",해당없음(진로선택형),,,진로선택형,False,영화속역사,영화속역사,인문·사회,대전대신고
2025_2nd,대전도시과학고,진로선택형,푸드프린팅과지게차운전하기,비교과,기타,,"1, 2, 3",해당없음(진로선택형),,,진로선택형,False,푸드프린팅과지게차운전하기,푸드프린팅과지게차운전하기,기타,대전도시과학고
2025_2nd,대전도안고,오프라인,과학과제연구,전문교과,전문교과Ⅰ,,2,2,,,오프라인,False,과학과제연구,과학과제연구,자연·공학,대전도안고
2025_2nd,대전도안고,오프라인,화학실험,전문교과,전문교과Ⅰ,,2,2,,,오프라인,False,화학실험,화학실험,자연·공학,대전도안고
2025_2nd,대전동산고,온라인,논리와사고,보통교과,생활·교양,,1,2,,,온라인,True,논리와사고,논리와사고,기타,대전동산고
2025_2nd,대전동산고,온라인,논리학,보통교과,생활·교양,,2,2,,,온라인,True,논리학,논리학,인문·사회,대전동산고
2025_2nd,대전동산고,오프라인,물리학실험(a반),전문교과,전문교과Ⅰ,,2,2,,,오프라인,False,물리학실험,물리학실험,자연·공학,대전동산고
2025_2nd,대전동산고,오프라인,물리학실험(b반),전문교과,전문교과Ⅰ,,2,2,,,오프라인,False,물리학실험,물리학실험,자연·공학,대전동산고
2025_2nd,대전동산고,오프라인,지구과학실험,전문교과,전문교과Ⅰ,,2,2,,,오프라인,False,지구과학실험,지구과학실험,자연·공학,대전동산고
2025_2nd,대전동산고,오프라인,융합과학탐구,전문교과,전문교과Ⅰ,,2,2,,,오프라인,False,융합과학탐구,융합과학탐구,자연·공학,대전동산고
2025_2nd,대전동산고,오프라인,세계문제와미래사회,전문교과,전문교과Ⅰ,,2,2,,,오프라인,False,세계문제와미래사회,세계문제와미래사회,인문·사회,대전동산고
2025_2nd,대전동신과학고등학교,진로선택형,미적분없이최대최솟값구하기,비교과,자연과학,,"1, 2",해당없음(진로선택형),,,진로선택형,False,미적분없이최대최솟값구하기,미적분없이최대최솟값구하기,자연·공학,대전동신과학고
2025_2nd,대전둔산여자고,오프라인,고급물리학,전문교과,전문교과Ⅰ,,3,2,,,오프라인,False,고급물리학,고급물리학,자연·공학,대전둔산여자고
2025_2nd,대전둔산여자고,오프라인,국제경제,전문교과,전문교과Ⅰ,,3,2,,,오프라인,False,국제경제,국제경제,인문·사회,대전둔산여자고
2025_2nd,대전둔산여자고,오프라인,생명과학실험,전문교과,전문교과Ⅰ,,3,2,,,오프라인,False,생명과학실험,생명과학실험,자연·공학,대전둔산여자고
2025_2nd,대전둔산여자고,오프라인,인공지능과피지컬컴퓨팅,전문교과,전문교과Ⅰ,,3,2,,,오프라인,False,인공지능과피지컬컴퓨팅,인공지능과피지컬컴퓨팅,정보·AI,대전둔산여자고
2025_2nd,대전둔산여자고,오프라인,화학실험,전문교과,전문교과Ⅰ,,2,2,,,오프라인,False,화학실험,화학실험,자연·공학,대전둔산여자고
2025_2nd,대전둔원고등학교,오프라인,국제법,전문교과,전문교과Ⅰ,,2,2,,,오프라인,False,국제법,국제법,제2외국어·국제,대전둔원고
2025_2nd,대전둔원고등학교,오프라인,국제정치,전문교과,전문교과Ⅰ,,2,2,,,오프라인,False,국제정치,국제정치,인문·사회,대전둔원고
2025_2nd,대전둔원고등학교,오프라인,물리학실험,전문교과,전문교과Ⅰ,,2,3,,,오프라인,False,물리학실험,물리학실험,자연·공학,대전둔원고
2025_2nd,대전둔원고등학교,오프라인,인공지능수학,보통교과,기초,,2,2,,,오프라인,False,인공지능수학,인공지능수학,정보·AI,대전둔원고
2025_2nd,대전둔원고등학교,오프라인,화학실험,전문교과,전문교과Ⅰ,,2,3,,,오프라인,False,화학실험,화학실험,자연·공학,대전둔원고
2025_2nd,대전둔원고등학교,진로선택형,배구전문코칭을통한성장,비교과,예체능,,"1, 2",해당없음(진로선택형),,,진로선택형,False,배구전문코칭을통한성장,배구전문코칭을통한성장,기타,대전둔원고
2025_2nd,대전둔원고등학교,진로선택형,수학으로바라본인공지능,비교과,기타,,"1, 2",해당없음(진로선택형),,,진로선택형,False,수학으로바라본인공지능,수학으로바라본인공지능,정보·AI,대전둔원고
2025_2nd,대전둔원고등학교,진로선택형,함께하는실전중급배드민턴,비교과,예체능,,"1, 2",해당없음(진로선택형),,,진로선택형,False,함께하는실전중급배드민턴,함께하는실전중급배드민턴,기타,대전둔원고
2025_2nd,대전만년고,오프라인,고급지구과학,전문교과,전문교과Ⅰ,,2,2,,,오프라인,False,고급지구과학,고급지구과학,자연·공학,대전만년고
2025_2nd,대전만년고,오프라인,지구과학실험,전문교과,전문교과Ⅰ,,2,2,,,오프라인,False,지구과학실험,지구과학실험,자연·공학,대전만년고
2025_2nd,대전만년고,진로선택형,넷볼심화,비교과,예체능,,"1, 2, 3",해당없음(진로선택형),,,진로선택형,False,넷볼심화,넷볼심화,기타,대전만년고
2025_2nd,대전반석고,오프라인,고전과윤리,보통교과,탐구,,2,2,,,오프라인,False,고전과윤리,고전과윤리,인문·사회,대전반석고
2025_2nd,대전반석고,오프라인,물리학실험,전문교과,전문교과Ⅰ,,2,2,,,오프라인,False,물리학실험,물리학실험,자연·공학,대전반석고
2025_2nd,대전반석고,오프라인,생명과학실험,전문교과,전문교과Ⅰ,,2,2,,,오프라인,False,생명과학실험,생명과학실험,자연·공학,대전반석고
2025_2nd,대전반석고,오프라인,지구과학실험,전문교과,전문교과Ⅰ,,2,2,,,오프라인,False,지구과학실험,지구과학실험,자연·공학,대전반석고
2025_2nd,대전반석고,오프라인,체육전공실기기초,전문교과,전문교과Ⅰ,,2,2,,,오프라인,False,체육전공실기기초,체육전공실기기초,예체능,대전반석고
2025_2nd,대전복수고등학교,오프라인,생태와환경,전문교과,전문교과Ⅰ,,2,2,,,오프라인,False,생태와환경,생태와환경,자연·공학,대전복수고
2025_2nd,대전복수고등학교,오프라인,세계문제와미래사회,전문교과,전문교과Ⅰ,,2,2,,,오프라인,False,세계문제와미래사회,세계문제와미래사회,인문·사회,대전복수고
2025_2nd,대전산업정보고,진로선택형,베이킹기초,비교과,기타,,"1, 2, 3",해당없음(진로선택형),,,진로선택형,False,베이킹기초,베이킹기초,기타,대전산업정보고
2025_2nd,대전산업정보고,진로선택형,오늘의칵테일,비교과,기타,,"1, 2, 3",해당없음(진로선택형),,,진로선택형,False,오늘의칵테일,오늘의칵테일,기타,대전산업정보고
2025_2nd,대전산업정보고,진로선택형,파이썬으로시작하는데이터분석과시각화,비교과,자연과학,,"1, 2, 3",해당없음(진로선택형),,,진로선택형,False,파이썬으로시작하는데이터분석과시각화,파이썬으로시작하는데이터분석과시각화,정보·AI,대전산업정보고
2025_2nd,대전산업정보고,진로선택형,한끼파스타,비교과,기타,,"2, 3",해당없음(진로선택형),,,진로선택형,False,한끼파스타,한끼파스타,기타,대전산업정보고
2025_2nd,대전산업정보고,진로선택형,실용보컬및연기,비교과,예체능,,"1, 2, 3",해당없음(진로선택형),,,진로선택형,False,실용보컬및연기,실용보컬및연기,예체능,대전산업정보고
2025_2nd,대전산업정보고,진로선택형,스위트홈카페레시피,비교과,기타,,"1, 2, 3",해당없음(진로선택형),,,진로선택형,False,스위트홈카페레시피,스위트홈카페레시피,기타,대전산업정보고
2025_2nd,대전산업정보고,진로선택형,밴드베이직클래스,비교과,예체능,,"1, 2, 3",해당없음(진로선택형),,,진로선택형,False,밴드베이직클래스,밴드베이직클래스,기타,대전산업정보고
2025_2nd,대전산업정보고,진로선택형,디저트홀릭,비교과,기타,,"2, 3",해당없음(진로선택형),,,진로선택형,False,디저트홀릭,디저트홀릭,기타,대전산업정보고
2025_2nd,대전산업정보고,진로선택형,기초부터시작하는실전헤어미용,비교과,기타,,"1, 2, 3",해당없음(진로선택형),,,진로선택형,False,기초부터시작하는실전헤어미용,기초부터시작하는실전헤어미용,기타,대전산업정보고
2025_2nd,대전산업정보고,진로선택형,게임을만들면서배우는파이썬,비교과,자연과학,,"1, 2, 3",해당없음(진로선택형),,,진로선택형,False,게임을만들면서배우는파이썬,게임을만들면서배우는파이썬,기타,대전산업정보고
2025_2nd,대전산업정보고,진로선택형,건강과간호,비교과,기타,,1,해당없음(진로선택형),,,진로선택형,False,건강과간호,건강과간호,진로·융합,대전산업정보고
2025_2nd,대전생활과학고,진로선택형,영화철학롤러코스터,비교과,사회과학,,2,해당없음(진로선택형),,,진로선택형,False,영화철학롤러코스터,영화철학롤러코스터,인문·사회,대전생활과학고
2025_2nd,대전생활과학고,진로선택형,브런치카페,비교과,기타,,2,해당없음(진로선택형),,,진로선택형,False,브런치카페,브런치카페,기타,대전생활과학고
2025_2nd,대전성모여자고등학교,온라인,국제경제,전문교과,전문교과Ⅰ,,2,3,,,온라인,True,국제경제,국제경제,인문·사회,대전성모여자고
2025_2nd,대전성모여자고등학교,온라인,현대세계의변화,전문교과,전문교과Ⅰ,,2,3,,,온라인,True,현대세계의변화,현대세계의변화,기타,대전성모여자고
2025_2nd,대전성모여자고등학교,오프라인,고급물리학,전문교과,전문교과Ⅰ,,2,3,,,오프라인,False,고급물리학,고급물리학,자연·공학,대전성모여자고
2025_2nd,대전성모여자고등학교,오프라인,고급생명과학,전문교과,전문교과Ⅰ,,2,3,,,오프라인,False,고급생명과학,고급생명과학,자연·공학,대전성모여자고
2025_2nd,대전성모여자고등학교,오프라인,마케팅과광고,전문교과,전문교과Ⅱ,,2,3,,,오프라인,False,마케팅과광고,마케팅과광고,기타,대전성모여자고
2025_2nd,대전성모여자고등학교,진로선택형,슬기로운건강생활,비교과,예체능,,"1, 2",해당없음(진로선택형),,,진로선택형,False,슬기로운건강생활,슬기로운건강생활,기타,대전성모여자고
2025_2nd,대전송촌고,오프라인,고급지구과학,전문교과,전문교과Ⅰ,,2,3,,,오프라인,False,고급지구과학,고급지구과학,자연·공학,대전송촌고
2025_2nd,대전송촌고,오프라인,국제경제,전문교과,전문교과Ⅰ,,2,3,,,오프라인,False,국제경제,국제경제,인문·사회,대전송촌고
2025_2nd,대전송촌고,오프라인,물리학실험A,전문교과,전문교과Ⅰ,,2,3,,,오프라인,False,물리학실험,물리학실험,자연·공학,대전송촌고
2025_2nd,대전송촌고,오프라인,물리학실험B,전문교과,전문교과Ⅰ,,2,3,,,오프라인,False,물리학실험,물리학실험,자연·공학,대전송촌고
2025_2nd,대전신일여자고등학교,오프라인,창의경영,보통교과,생활·교양,,2,3,,,오프라인,False,창의경영,창의경영,진로·융합,대전신일여자고
2025_2nd,대전신일여자고등학교,오프라인,인공지능수학,보통교과,기초,,2,2,,,오프라인,False,인공지능수학,인공지능수학,정보·AI,대전신일여자고
2025_2nd,대전신일여자고등학교,진로선택형,영상촬영편집과정,비교과,예체능,,"1,2",해당없음(진로선택형),,,진로선택형,False,영상촬영편집과정,영상촬영편집과정,기타,대전신일여자고
2025_2nd,대전신일여자고등학교,진로선택형,향기나는과학교실,비교과,자연과학,,"1,2",해당없음(진로선택형),,,진로선택형,False,향기나는과학교실,향기나는과학교실,자연·공학,대전신일여자고
2025_2nd,대전여자고,오프라인,국제경제,전문교과,전문교과Ⅰ,,2,2,,,오프라인,False,국제경제,국제경제,인문·사회,대전여자고
2025_2nd,대전여자고,오프라인,생명과학실험,전문교과,전문교과Ⅰ,,2,2,,,오프라인,False,생명과학실험,생명과학실험,자연·공학,대전여자고
2025_2nd,대전여자고,진로선택형,배드민턴고급반,비교과,예체능,,"1, 2",해당없음(진로선택형),,,진로선택형,False,배드민턴고급반,배드민턴고급반,기타,대전여자고
2025_2nd,대전여자상업고등학교,오프라인,인공지능수학,보통교과,기초,,2,2,,,오프라인,False,인공지능수학,인공지능수학,정보·AI,대전여자상업고
2025_2nd,대전예술고,진로선택형,현대디자인의이해와실습,비교과,예체능,,"1,2,3",해당없음(진로선택형),,,진로선택형,False,현대디자인의이해와실습,현대디자인의이해와실습,예체능,대전예술고
2025_2nd,대전외국어고,진로선택형,봉주르프랑스,비교과,인문(어문),,"1,2",해당없음(진로선택형),,,진로선택형,False,봉주르프랑스,봉주르프랑스,기타,대전외국어고
2025_2nd,대전외국어고,오프라인,단체운동,전문교과,전문교과Ⅰ,,2,2,,,오프라인,False,단체운동,단체운동,예체능,대전외국어고
2025_2nd,대전외국어고,오프라인,드로잉,전문교과,전문교과Ⅰ,,2,2,,,오프라인,False,드로잉,드로잉,예체능,대전외국어고
2025_2nd,대전외국어고,오프라인,운동과건강,보통교과,체육·예술,,1,2,,,오프라인,False,운동과건강,운동과건강,예체능,대전외국어고
2025_2nd,대전외국어고,오프라인,전공기초독일어,전문교과,전문교과Ⅰ,,2,2,,,오프라인,False,전공기초독일어,전공기초독일어,제2외국어·국제,대전외국어고
2025_2nd,대전외국어고,오프라인,전공기초스페인어,전문교과,전문교과Ⅰ,,2,2,,,오프라인,False,전공기초스페인어,전공기초스페인어,제2외국어·국제,대전외국어고
2025_2nd,대전외국어고,오프라인,전공기초일본어,전문교과,전문교과Ⅰ,,2,2,,,오프라인,False,전공기초일본어,전공기초일본어,제2외국어·국제,대전외국어고
2025_2nd,대전외국어고,오프라인,전공기초프랑스어,전문교과,전문교과Ⅰ,,2,2,,,오프라인,False,전공기초프랑스어,전공기초프랑스어,제2외국어·국제,대전외국어고
2025_2nd,대전외국어고,오프라인,지역이해,전문교과,전문교과Ⅰ,,2,2,,,오프라인,False,지역이해,지역이해,제2외국어·국제,대전외국어고
2025_2nd,대전용산고,오프라인,철학,보통교과,생활·교양,,2,2,,,오프라인,False,철학,철학,인문·사회,대전용산고
2025_2nd,대전전민고,오프라인,고급화학,전문교과,전문교과Ⅰ,,"1,2",2,,,오프라인,False,고급화학,고급화학,자연·공학,대전전민고
2025_2nd,대전제일고,오프라인,고전과윤리,보통교과,탐구,,2,2,,,오프라인,False,고전과윤리,고전과윤리,인문·사회,대전제일고
2025_2nd,대전제일고,오프라인,교육학,보통교과,생활·교양,,2,2,,,오프라인,False,교육학,교육학,인문·사회,대전제일고
2025_2nd,대전제일고,오프라인,국제법,전문교과,전문교과Ⅰ,,2,2,,,오프라인,False,국제법,국제법,제2외국어·국제,대전제일고
2025_2nd,대전제일고,오프라인,생명과학실험,전문교과,전문교과Ⅰ,,2,2,,,오프라인,False,생명과학실험,생명과학실험,자연·공학,대전제일고
2025_2nd,대전제일고,오프라인,현대세계의변화,전문교과,전문교과Ⅰ,,2,2,,,오프라인,False,현대세계의변화,현대세계의변화,기타,대전제일고
2025_2nd,대전제일고,오프라인,화학실험,전문교과,전문교과Ⅰ,,2,2,,,오프라인,False,화학실험,화학실험,자연·공학,대전제일고
2025_2nd,대전제일고,진로선택형,미디어와사회문화,비교과,사회과학,,1,해당없음(진로선택형),,,진로선택형,False,미디어와사회문화,미디어와사회문화,인문·사회,대전제일고
2025_2nd,대전제일고,진로선택형,지구와환경,비교과,자연과학,,1,해당없음(진로선택형),,,진로선택형,False,지구와환경,지구와환경,자연·공학,대전제일고
2025_2nd,대전중앙고등학교,오프라인,인공지능수학,보통교과,기초,,2,2,,,오프라인,False,인공지능수학,인공지능수학,정보·AI,대전중앙고
2025_2nd,대전중앙고등학교,오프라인,환경,보통교과,생활·교양,,2,2,,,오프라인,False,환경,환경,자연·공학,대전중앙고
2025_2nd,대전중앙고등학교,오프라인,국제법,전문교과,전문교과Ⅰ,,2,2,,,오프라인,False,국제법,국제법,제2외국어·국제,대전중앙고
2025_2nd,대전중앙고등학교,오프라인,국제경제,전문교과,전문교과Ⅰ,,2,2,,,오프라인,False,국제경제,국제경제,인문·사회,대전중앙고
2025_2nd,대전중앙고등학교,오프라인,물리학실험,전문교과,전문교과Ⅰ,,2,2,,,오프라인,False,물리학실험,물리학실험,자연·공학,대전중앙고
2025_2nd,대전중앙고등학교,오프라인,생명과학실험,전문교과,전문교과Ⅰ,,2,2,,,오프라인,False,생명과학실험,생명과학실험,자연·공학,대전중앙고
2025_2nd,대전지족고,오프라인,고급화학,전문교과,전문교과Ⅰ,,2,3,,,오프라인,False,고급화학,고급화학,자연·공학,대전지족고
2025_2nd,대전한빛고등학교,오프라인,국제관계와국제기구,전문교과,전문교과Ⅰ,,2,2,,,오프라인,False,국제관계와국제기구,국제관계와국제기구,제2외국어·국제,대전한빛고
2025_2nd,대전한빛고등학교,오프라인,국제정치,전문교과,전문교과Ⅰ,,2,2,,,오프라인,False,국제정치,국제정치,인문·사회,대전한빛고
2025_2nd,대전한빛고등학교,오프라인,지구과학실험,전문교과,전문교과Ⅰ,,2,2,,,오프라인,False,지구과학실험,지구과학실험,자연·공학,대전한빛고
2025_2nd,동방고,오프라인,고급물리학,전문교과,전문교과Ⅰ,,2,2,,,오프라인,False,고급물리학,고급물리학,자연·공학,동방고
2025_2nd,동방고,오프라인,국제경제,전문교과,전문교과Ⅰ,,2,2,,,오프라인,False,국제경제,국제경제,인문·사회,동방고
2025_2nd,동방고,오프라인,국제정치,전문교과,전문교과Ⅰ,,2,2,,,오프라인,False,국제정치,국제정치,인문·사회,동방고
2025_2nd,동방고,오프라인,생명과학실험,전문교과,전문교과Ⅰ,,2,2,,,오프라인,False,생명과학실험,생명과학실험,자연·공학,동방고
2025_2nd,동방고,오프라인,화학실험,전문교과,전문교과Ⅰ,,2,2,,,오프라인,False,화학실험,화학실험,자연·공학,동방고
2025_2nd,명석고등학교,온라인,국제법,전문교과,전문교과Ⅰ,,2,3,,,온라인,True,국제법,국제법,제2외국어·국제,명석고
2025_2nd,명석고등학교,오프라인,고급화학,전문교과,전문교과Ⅰ,,2,2,,,오프라인,False,고급화학,고급화학,자연·공학,명석고
2025_2nd,명석고등학교,오프라인,물리학실험,전문교과,전문교과Ⅰ,,2,2,,,오프라인,False,물리학실험,물리학실험,자연·공학,명석고
2025_2nd,명석고등학교,오프라인,매체미술,전문교과,전문교과Ⅰ,,2,2,,,오프라인,False,매체미술,매체미술,예체능,명석고
2025_2nd,명석고등학교,진로선택형,예시예종유도반,비교과,기타,,"1, 2",해당없음(진로선택형),,,진로선택형,False,예시예종유도반,예시예종유도반,기타,명석고
2025_2nd,보문고,오프라인,생명과학실험,전문교과,전문교과Ⅰ,,2,2,,,오프라인,False,생명과학실험,생명과학실험,자연·공학,보문고
2025_2nd,보문고,오프라인,융합과학탐구,전문교과,전문교과Ⅰ,,2,3,,,오프라인,False,융합과학탐구,융합과학탐구,자연·공학,보문고
2025_2nd,서대전고,온라인,과학사,보통교과,탐구,,2,2,,,온라인,True,과학사,과학사,자연·공학,서대전고
2025_2nd,서대전고,오프라인,고급물리학,전문교과,전문교과Ⅰ,,2,2,,,오프라인,False,고급물리학,고급물리학,자연·공학,서대전고
2025_2nd,서대전고,오프라인,고급생명과학,전문교과,전문교과Ⅰ,,2,2,,,오프라인,False,고급생명과학,고급생명과학,자연·공학,서대전고
2025_2nd,서대전고,오프라인,고급화학,전문교과,전문교과Ⅰ,,2,3,,,오프라인,False,고급화학,고급화학,자연·공학,서대전고
2025_2nd,서대전고,오프라인,교육학,보통교과,생활·교양,,2,2,,,오프라인,False,교육학,교육학,인문·사회,서대전고
2025_2nd,서대전고,오프라인,철학,보통교과,생활·교양,,2,2,,,오프라인,False,철학,철학,인문·사회,서대전고
2025_2nd,서대전여고,오프라인,화학실험,전문교과,전문교과Ⅰ,,2,2,,,오프라인,False,화학실험,화학실험,자연·공학,서대전여고
2025_2nd,서대전여고,오프라인,국제법,전문교과,전문교과Ⅰ,,2,2,,,오프라인,False,국제법,국제법,제2외국어·국제,서대전여고
2025_2nd,서대전여고,오프라인,생활과학탐구,보통교과,생활·교양,,1,2,,,오프라인,False,생활과학탐구,생활과학탐구,자연·공학,서대전여고
2025_2nd,서일고,오프라인,국제정치,전문교과,전문교과Ⅰ,,2,2,,,오프라인,False,국제정치,국제정치,인문·사회,서일고
2025_2nd,서일고,오프라인,지구과학실험,전문교과,전문교과Ⅰ,,2,2,,,오프라인,False,지구과학실험,지구과학실험,자연·공학,서일고
2025_2nd,서일고,오프라인,생명과학실험,전문교과,전문교과Ⅰ,,2,2,,,오프라인,False,생명과학실험,생명과학실험,자연·공학,서일고
2025_2nd,서일여자고등학교,온라인,사회탐구방법,전문교과,전문교과Ⅰ,,2,2,,,온라인,True,사회탐구방법,사회탐구방법,인문·사회,서일여자고
2025_2nd,서일여자고등학교,오프라인,체육전공실기기초,전문교과,전문교과Ⅰ,,2,2,,,오프라인,False,체육전공실기기초,체육전공실기기초,예체능,서일여자고
2025_2nd,신탄진고,온라인,논리와사고,보통교과,생활·교양,,1,2,,,온라인,True,논리와사고,논리와사고,기타,신탄진고
2025_2nd,신탄진고,온라인,심화수학Ⅰ,전문교과,전문교과Ⅰ,,2,2,,,온라인,True,심화수학1,심화수학1,자연·공학,신탄진고
2025_2nd,신탄진고,온라인,과학과제연구,전문교과,전문교과Ⅰ,,2,2,,,온라인,True,과학과제연구,과학과제연구,자연·공학,신탄진고
2025_2nd,신탄진고,오프라인,체육전공실기기초,전문교과,전문교과Ⅰ,,2,3,,,오프라인,False,체육전공실기기초,체육전공실기기초,예체능,신탄진고
2025_2nd,우송고,오프라인,고급물리학,전문교과,전문교과Ⅰ,,2,2,,,오프라인,False,고급물리학,고급물리학,자연·공학,우송고
2025_2nd,우송고,오프라인,고급생명과학,전문교과,전문교과Ⅰ,,2,2,,,오프라인,False,고급생명과학,고급생명과학,자연·공학,우송고
2025_2nd,우송고,오프라인,교육학,보통교과,생활·교양,,2,2,,,오프라인,False,교육학,교육학,인문·사회,우송고
2025_2nd,우송고,오프라인,국제경제,전문교과,전문교과Ⅰ,,2,2,,,오프라인,False,국제경제,국제경제,인문·사회,우송고
2025_2nd,유성고,오프라인,물리학실험,전문교과,전문교과Ⅰ,,2,2,,,오프라인,False,물리학실험,물리학실험,자연·공학,유성고
2025_2nd,유성고,오프라인,생명과학실험,전문교과,전문교과Ⅰ,,2,2,,,오프라인,False,생명과학실험,생명과학실험,자연·공학,유성고
2025_2nd,유성고,오프라인,고급생명과학,전문교과,전문교과Ⅰ,,2,2,,,오프라인,False,고급생명과학,고급생명과학,자연·공학,유성고
2025_2nd,유성고,오프라인,스포츠경기실습,전문교과,전문교과Ⅰ,,2,2,,,오프라인,False,스포츠경기실습,스포츠경기실습,예체능,유성고
2025_2nd,유성고,진로선택형,파이썬으로시작하는데이터분석,비교과,자연과학,,"1, 2",해당없음(진로선택형),,,진로선택형,False,파이썬으로시작하는데이터분석,파이썬으로시작하는데이터분석,정보·AI,유성고
2025_2nd,유성생명과학고,오프라인,인간과철학,보통교과,생활·교양,,1,3,,,오프라인,False,인간과철학,인간과철학,인문·사회,유성생명과학고
2025_2nd,유성생명과학고,진로선택형,네일살롱아트,비교과,기타,,"1,2",해당없음(진로선택형),,,진로선택형,False,네일살롱아트,네일살롱아트,기타,유성생명과학고
2025_2nd,유성생명과학고,진로선택형,세계의이색면요리,비교과,기타,,"1,2",해당없음(진로선택형),,,진로선택형,False,세계의이색면요리,세계의이색면요리,기타,유성생명과학고
2025_2nd,유성생명과학고,진로선택형,베이커리실무,비교과,기타,,"1,2,3",해당없음(진로선택형),,,진로선택형,False,베이커리실무,베이커리실무,기타,유성생명과학고
2025_2nd,유성생명과학고,진로선택형,나의베이커리창업기,비교과,기타,,"1,2,3",해당없음(진로선택형),,,진로선택형,False,나의베이커리창업기,나의베이커리창업기,진로·융합,유성생명과학고
2025_2nd,유성여고,온라인,과학과제연구,전문교과,전문교과Ⅰ,,2,2,,,온라인,True,과학과제연구,과학과제연구,자연·공학,유성여고
2025_2nd,유성여고,온라인,과학사,보통교과,탐구,,2,2,,,온라인,True,과학사,과학사,자연·공학,유성여고
2025_2nd,유성여고,온라인,문학개론,전문교과,전문교과Ⅰ,,2,2,,,온라인,True,문학개론,문학개론,인문·사회,유성여고
2025_2nd,유성여고,온라인,융합과학탐구,전문교과,전문교과Ⅰ,,2,2,,,온라인,True,융합과학탐구,융합과학탐구,자연·공학,유성여고
2025_2nd,유성여고,오프라인,생명과학실험,전문교과,전문교과Ⅰ,,2,3,,,오프라인,False,생명과학실험,생명과학실험,자연·공학,유성여고
2025_2nd,유성여고,진로선택형,자기표현을위한말하기와발표,비교과,기타,,"1, 2",해당없음(진로선택형),,,진로선택형,False,자기표현을위한말하기와발표,자기표현을위한말하기와발표,기타,유성여고
2025_2nd,중일고,오프라인,철학,보통교과,생활·교양,,2,3,,,오프라인,False,철학,철학,인문·사회,중일고
2025_2nd,중일고,오프라인,물리학실험,전문교과,전문교과Ⅰ,,2,2,,,오프라인,False,물리학실험,물리학실험,자연·공학,중일고
2025_2nd,중일고,오프라인,화학실험,전문교과,전문교과Ⅰ,,2,2,,,오프라인,False,화학실험,화학실험,자연·공학,중일고
2025_2nd,중일고,오프라인,생명과학실험,전문교과,전문교과Ⅰ,,2,2,,,오프라인,False,생명과학실험,생명과학실험,자연·공학,중일고
2025_2nd,중일고,진로선택형,배드민턴실전,비교과,예체능,,"1, 2, 3",해당없음(진로선택형),,,진로선택형,False,배드민턴실전,배드민턴실전,기타,중일고
2025_2nd,청란여고,오프라인,고급화학,전문교과,전문교과Ⅰ,,2,2,,,오프라인,False,고급화학,고급화학,자연·공학,청란여고
2025_2nd,청란여고,오프라인,고급생명과학,전문교과,전문교과Ⅰ,,2,2,,,오프라인,False,고급생명과학,고급생명과학,자연·공학,청란여고
2025_2nd,청란여고,오프라인,국제경제,전문교과,전문교과Ⅰ,,2,2,,,오프라인,False,국제경제,국제경제,인문·사회,청란여고
2025_2nd,청란여고,오프라인,심화수학Ⅰ,전문교과,전문교과Ⅰ,,2,2,,,오프라인,False,심화수학1,심화수학1,자연·공학,청란여고
2025_2nd,충남고등학교,오프라인,인공지능수학,보통교과,기초,,2,2,,,오프라인,False,인공지능수학,인공지능수학,정보·AI,충남고
2025_2nd,충남고등학교,오프라인,탐구기반영어글쓰기,고시_외,고시_외,,2,2,,,오프라인,False,탐구기반영어글쓰기,탐구기반영어글쓰기,제2외국어·국제,충남고
2025_2nd,충남고등학교,오프라인,현대세계의변화,전문교과,전문교과Ⅰ,,2,2,,,오프라인,False,현대세계의변화,현대세계의변화,기타,충남고
2025_2nd,충남고등학교,오프라인,국제정치,전문교과,전문교과Ⅰ,,2,2,,,오프라인,False,국제정치,국제정치,인문·사회,충남고
2025_2nd,충남고등학교,오프라인,과학과제연구,전문교과,전문교과Ⅰ,,2,2,,,오프라인,False,과학과제연구,과학과제연구,자연·공학,충남고
2025_2nd,충남고등학교,오프라인,물리세미나,고시_외,고시_외,,2,2,,,오프라인,False,물리세미나,물리세미나,자연·공학,충남고
2025_2nd,충남고등학교,오프라인,물리학실험,전문교과,전문교과Ⅰ,,2,2,,,오프라인,False,물리학실험,물리학실험,자연·공학,충남고
2025_2nd,충남고등학교,오프라인,화학실험,전문교과,전문교과Ⅰ,,2,2,,,오프라인,False,화학실험,화학실험,자연·공학,충남고
2025_2nd,충남고등학교,오프라인,생명과학실험,전문교과,전문교과Ⅰ,,2,2,,,오프라인,False,생명과학실험,생명과학실험,자연·공학,충남고
2025_2nd,충남고등학교,오프라인,데이터과학과머신러닝,고시_외,고시_외,,2,2,,,오프라인,False,데이터과학과머신러닝,데이터과학과머신러닝,정보·AI,충남고
2025_2nd,충남고등학교,오프라인,교육의이해,보통교과,생활·교양,,1,2,,,오프라인,False,교육의이해,교육의이해,기타,충남고
2025_2nd,충남고등학교,진로선택형,개발자를위한기초선형대수학,비교과,생활·교양,,"1,2",해당없음(진로선택형),,,진로선택형,False,개발자를위한기초선형대수학,개발자를위한기초선형대수학,자연·공학,충남고
2025_2nd,충남여자고,오프라인,보건,보통교과,생활·교양,,2,2,,,오프라인,False,보건,보건,진로·융합,충남여자고
2025_2nd,충남여자고,오프라인,고급화학,전문교과,전문교과Ⅰ,,2,2,,,오프라인,False,고급화학,고급화학,자연·공학,충남여자고
2025_2nd,충남여자고,오프라인,고급생명과학,전문교과,전문교과Ⅰ,,2,2,,,오프라인,False,고급생명과학,고급생명과학,자연·공학,충남여자고
2025_2nd,충남여자고,오프라인,화학실험,전문교과,전문교과Ⅰ,,2,2,,,오프라인,False,화학실험,화학실험,자연·공학,충남여자고
2025_2nd,충남여자고,오프라인,생명과학실험A,전문교과,전문교과Ⅰ,,2,2,,,오프라인,False,생명과학실험,생명과학실험,자연·공학,충남여자고
2025_2nd,충남여자고,오프라인,생명과학실험B,전문교과,전문교과Ⅰ,,2,2,,,오프라인,False,생명과학실험,생명과학실험,자연·공학,충남여자고
2025_2nd,충남여자고,오프라인,생명과학실험C,전문교과,전문교과Ⅰ,,2,2,,,오프라인,False,생명과학실험,생명과학실험,자연·공학,충남여자고
2025_2nd,충남여자고,오프라인,현대세계의변화,전문교과,전문교과Ⅰ,,2,2,,,오프라인,False,현대세계의변화,현대세계의변화,기타,충남여자고
2025_2nd,한밭고,오프라인,국제정치,전문교과,전문교과Ⅰ,,2,2,,,오프라인,False,국제정치,국제정치,인문·사회,한밭고
2025_2nd,호수돈여자고등학교,온라인,철학,보통교과,생활·교양,,2,2,,,온라인,True,철학,철학,인문·사회,호수돈여자고
2025_2nd,호수돈여자고등학교,오프라인,물리학실험,전문교과,전문교과Ⅰ,,2,2,,,오프라인,False,물리학실험,물리학실험,자연·공학,호수돈여자고
2025_2nd,호수돈여자고등학교,오프라인,국제경제,전문교과,전문교과Ⅰ,,2,2,,,오프라인,False,국제경제,국제경제,인문·사회,호수돈여자고
2025_2nd,호수돈여자고등학교,오프라인,교육의이해,보통교과,생활·교양,,1,2,,,오프라인,False,교육의이해,교육의이해,기타,호수돈여자고
2025_2nd,호수돈여자고등학교,오프라인,교육학,보통교과,생활·교양,,2,2,,,오프라인,False,교육학,교육학,인문·사회,호수돈여자고
2025_2nd,호수돈여자고등학교,오프라인,상담심리의이해,고시_외,고시_외,,1,2,,,오프라인,False,상담심리의이해,상담심리의이해,기타,호수돈여자고
2025_2nd,호수돈여자고등학교,진로선택형,학습심리학,비교과,사회과학,,"1,2,3",해당없음(진로선택형),,,진로선택형,False,학습심리학,학습심리학,인문·사회,호수돈여자고
2025_2nd,호수돈여자고등학교,진로선택형,일본어및일본문화탐구,비교과,인문(어문),,"1,2,3",해당없음(진로선택형),,,진로선택형,False,일본어및일본문화탐구,일본어및일본문화탐구,제2외국어·국제,호수돈여자고
2025_2nd,호수돈여자고등학교,진로선택형,발달심리학,비교과,사회과학,,"1,2,3",해당없음(진로선택형),,,진로선택형,False,발달심리학,발달심리학,인문·사회,호수돈여자고
